segment_id,operating_speed_mean,speed_p15,speed_p85,traffic_volume_avg_daily,peak_hour_volume,off_peak_hour_volume,data_window,data_date
1,50.7,36.6,60.1,3971,572,90,rolling_30day_dummy,2026-06-19
2,61.0,42.6,72.8,4233,636,70,rolling_30day_dummy,2026-06-19
3,67.1,39.5,76.5,3249,487,55,rolling_30day_dummy,2026-06-19
4,63.7,41.8,73.9,2647,313,128,rolling_30day_dummy,2026-06-19
5,33.3,22.1,45.5,3322,388,166,rolling_30day_dummy,2026-06-19
6,86.6,58.0,96.0,3504,497,87,rolling_30day_dummy,2026-06-19
7,78.6,51.0,92.1,3169,459,69,rolling_30day_dummy,2026-06-19
8,45.0,32.6,59.2,2836,418,54,rolling_30day_dummy,2026-06-19
9,37.9,25.5,50.6,3846,590,51,rolling_30day_dummy,2026-06-19
10,52.8,38.2,67.4,4488,562,186,rolling_30day_dummy,2026-06-19
11,46.7,35.1,63.5,2693,301,148,rolling_30day_dummy,2026-06-19
12,43.3,29.2,55.3,4461,566,178,rolling_30day_dummy,2026-06-19
13,50.5,29.6,58.4,2078,259,88,rolling_30day_dummy,2026-06-19
14,42.9,29.7,55.5,3901,444,206,rolling_30day_dummy,2026-06-19
15,42.5,28.4,51.3,2912,414,71,rolling_30day_dummy,2026-06-19
16,62.9,40.8,75.4,3431,459,112,rolling_30day_dummy,2026-06-19
17,52.5,39.1,64.8,2941,410,80,rolling_30day_dummy,2026-06-19
18,53.1,35.9,62.1,2152,327,32,rolling_30day_dummy,2026-06-19
19,80.0,60.8,100.5,2398,329,71,rolling_30day_dummy,2026-06-19
20,38.3,22.2,44.6,4762,727,67,rolling_30day_dummy,2026-06-19
21,71.7,51.6,93.4,3118,465,55,rolling_30day_dummy,2026-06-19
22,43.4,29.7,52.1,4657,627,149,rolling_30day_dummy,2026-06-19
23,40.9,26.0,47.6,3417,476,94,rolling_30day_dummy,2026-06-19
24,45.7,32.1,56.4,4509,595,157,rolling_30day_dummy,2026-06-19
25,37.1,22.8,45.7,3201,409,125,rolling_30day_dummy,2026-06-19
26,60.8,38.1,67.2,4775,692,104,rolling_30day_dummy,2026-06-19
27,44.0,28.5,54.0,3295,456,93,rolling_30day_dummy,2026-06-19
28,61.8,41.5,65.2,2665,338,106,rolling_30day_dummy,2026-06-19
29,42.6,32.3,57.2,2426,342,62,rolling_30day_dummy,2026-06-19
30,55.1,33.1,65.0,2127,287,67,rolling_30day_dummy,2026-06-19
31,58.9,36.4,73.3,2237,255,118,rolling_30day_dummy,2026-06-19
32,45.4,26.7,56.9,3884,565,82,rolling_30day_dummy,2026-06-19
33,54.3,35.9,69.2,2965,395,99,rolling_30day_dummy,2026-06-19
34,43.8,32.9,55.3,4436,686,53,rolling_30day_dummy,2026-06-19
35,44.3,34.0,56.4,2490,382,33,rolling_30day_dummy,2026-06-19
36,42.2,28.7,47.6,4610,526,243,rolling_30day_dummy,2026-06-19
37,47.9,29.1,53.4,2468,300,111,rolling_30day_dummy,2026-06-19
38,56.6,35.0,67.7,2698,386,63,rolling_30day_dummy,2026-06-19
39,59.7,36.8,70.0,2899,343,140,rolling_30day_dummy,2026-06-19
40,53.0,38.4,63.4,2677,400,46,rolling_30day_dummy,2026-06-19
41,35.7,20.1,41.2,3115,442,77,rolling_30day_dummy,2026-06-19
42,22.2,39.5,82.1,4232,660,46,rolling_30day_dummy,2026-06-19
43,48.1,32.2,60.8,2125,268,87,rolling_30day_dummy,2026-06-19
44,48.7,29.1,58.6,2623,374,63,rolling_30day_dummy,2026-06-19
45,49.3,34.7,59.9,2073,287,59,rolling_30day_dummy,2026-06-19
46,50.4,32.8,64.5,4153,591,101,rolling_30day_dummy,2026-06-19
47,45.3,30.9,52.7,2265,353,25,rolling_30day_dummy,2026-06-19
48,35.1,21.9,41.1,3388,427,138,rolling_30day_dummy,2026-06-19
49,53.4,30.9,59.8,4421,530,207,rolling_30day_dummy,2026-06-19
50,37.3,26.1,48.6,2830,420,51,rolling_30day_dummy,2026-06-19
51,58.3,39.7,69.3,2253,261,114,rolling_30day_dummy,2026-06-19
52,49.4,35.8,57.7,2687,365,83,rolling_30day_dummy,2026-06-19
53,62.8,38.8,73.7,4626,715,56,rolling_30day_dummy,2026-06-19
54,91.5,64.6,108.7,2194,331,35,rolling_30day_dummy,2026-06-19
55,51.4,36.0,63.8,4408,630,105,rolling_30day_dummy,2026-06-19
56,49.5,33.3,58.0,2267,247,131,rolling_30day_dummy,2026-06-19
57,48.7,32.6,58.9,2391,376,22,rolling_30day_dummy,2026-06-19
58,49.9,33.0,58.7,4144,543,148,rolling_30day_dummy,2026-06-19
59,43.6,23.5,47.5,3762,462,165,rolling_30day_dummy,2026-06-19
60,41.5,26.8,53.1,2844,318,156,rolling_30day_dummy,2026-06-19
61,25.0,45.5,85.4,3942,455,202,rolling_30day_dummy,2026-06-19
62,66.8,39.9,78.7,2346,259,132,rolling_30day_dummy,2026-06-19
63,49.3,31.9,54.7,4458,608,135,rolling_30day_dummy,2026-06-19
64,21.5,29.4,57.8,3578,456,141,rolling_30day_dummy,2026-06-19
65,53.1,30.1,59.3,4645,572,203,rolling_30day_dummy,2026-06-19
66,54.4,36.0,77.4,3636,543,63,rolling_30day_dummy,2026-06-19
67,31.6,18.8,39.2,3567,401,194,rolling_30day_dummy,2026-06-19
68,52.9,35.1,62.5,4391,568,163,rolling_30day_dummy,2026-06-19
69,31.6,22.5,41.4,3599,534,65,rolling_30day_dummy,2026-06-19
70,50.1,31.3,56.9,2170,325,37,rolling_30day_dummy,2026-06-19
71,65.3,38.6,73.2,3682,529,84,rolling_30day_dummy,2026-06-19
72,53.8,37.3,59.2,2766,372,89,rolling_30day_dummy,2026-06-19
73,45.4,27.7,50.2,3757,437,189,rolling_30day_dummy,2026-06-19
74,54.9,37.7,67.7,4794,614,185,rolling_30day_dummy,2026-06-19
75,79.4,59.3,101.0,3677,532,80,rolling_30day_dummy,2026-06-19
76,59.1,39.3,65.5,4321,637,83,rolling_30day_dummy,2026-06-19
77,44.1,32.0,55.7,2940,408,82,rolling_30day_dummy,2026-06-19
78,51.2,33.9,55.1,1954,299,26,rolling_30day_dummy,2026-06-19
79,73.6,43.2,89.9,2055,281,62,rolling_30day_dummy,2026-06-19
80,39.8,68.3,112.4,1973,297,31,rolling_30day_dummy,2026-06-19
81,66.5,52.4,88.1,2547,391,33,rolling_30day_dummy,2026-06-19
82,77.1,45.7,91.8,2700,315,135,rolling_30day_dummy,2026-06-19
83,56.1,37.7,66.9,2846,329,145,rolling_30day_dummy,2026-06-19
84,91.9,66.2,107.6,3805,600,34,rolling_30day_dummy,2026-06-19
85,43.2,32.4,54.1,4077,502,177,rolling_30day_dummy,2026-06-19
86,35.3,26.2,46.1,4134,541,148,rolling_30day_dummy,2026-06-19
87,43.3,28.2,47.9,4086,529,152,rolling_30day_dummy,2026-06-19
88,52.6,38.7,63.6,4382,661,70,rolling_30day_dummy,2026-06-19
89,66.1,44.1,75.3,3997,436,231,rolling_30day_dummy,2026-06-19
90,79.7,42.9,88.1,3242,431,110,rolling_30day_dummy,2026-06-19
91,49.0,31.8,61.9,3110,409,110,rolling_30day_dummy,2026-06-19
92,35.3,23.2,45.9,2155,244,115,rolling_30day_dummy,2026-06-19
93,31.9,23.1,41.3,1958,256,71,rolling_30day_dummy,2026-06-19
94,52.4,31.4,63.9,4388,667,64,rolling_30day_dummy,2026-06-19
95,88.0,54.8,97.9,2348,260,131,rolling_30day_dummy,2026-06-19
96,45.4,31.0,53.6,4409,533,202,rolling_30day_dummy,2026-06-19
97,40.8,29.4,50.3,3070,426,86,rolling_30day_dummy,2026-06-19
98,45.6,29.8,59.5,2093,284,65,rolling_30day_dummy,2026-06-19
99,36.6,26.6,48.3,4308,630,88,rolling_30day_dummy,2026-06-19
100,42.7,27.7,56.1,3978,499,164,rolling_30day_dummy,2026-06-19
101,42.3,32.6,52.8,4793,549,250,rolling_30day_dummy,2026-06-19
102,15.4,21.7,46.9,3480,441,139,rolling_30day_dummy,2026-06-19
103,44.9,29.6,59.0,4599,689,77,rolling_30day_dummy,2026-06-19
104,48.1,30.3,59.9,3378,440,123,rolling_30day_dummy,2026-06-19
105,50.8,30.5,62.6,2673,343,103,rolling_30day_dummy,2026-06-19
106,82.8,58.4,99.7,3075,453,59,rolling_30day_dummy,2026-06-19
107,49.0,31.4,60.0,3821,526,111,rolling_30day_dummy,2026-06-19
108,67.3,44.0,74.4,4483,516,231,rolling_30day_dummy,2026-06-19
109,38.4,29.3,48.5,4270,544,168,rolling_30day_dummy,2026-06-19
110,88.1,62.1,114.4,4600,707,59,rolling_30day_dummy,2026-06-19
111,62.7,42.9,82.7,3467,381,197,rolling_30day_dummy,2026-06-19
112,47.2,36.7,63.1,3247,476,66,rolling_30day_dummy,2026-06-19
113,24.0,33.3,62.2,3433,425,147,rolling_30day_dummy,2026-06-19
114,52.0,38.4,68.1,4608,672,96,rolling_30day_dummy,2026-06-19
115,42.7,31.3,52.2,2975,347,149,rolling_30day_dummy,2026-06-19
116,84.9,48.0,103.8,2094,296,53,rolling_30day_dummy,2026-06-19
117,28.7,44.0,83.0,3049,461,47,rolling_30day_dummy,2026-06-19
118,51.3,32.7,57.5,3791,423,209,rolling_30day_dummy,2026-06-19
119,51.5,27.9,57.0,4319,675,45,rolling_30day_dummy,2026-06-19
120,52.6,37.6,61.9,4636,527,246,rolling_30day_dummy,2026-06-19
121,43.0,29.7,50.9,3900,425,225,rolling_30day_dummy,2026-06-19
122,87.1,64.8,108.1,4262,637,73,rolling_30day_dummy,2026-06-19
123,40.2,29.8,49.5,4260,571,139,rolling_30day_dummy,2026-06-19
124,64.1,39.7,70.7,4249,468,240,rolling_30day_dummy,2026-06-19
125,70.3,49.9,84.8,3646,514,93,rolling_30day_dummy,2026-06-19
126,53.0,32.9,61.9,4641,621,153,rolling_30day_dummy,2026-06-19
127,59.6,36.0,64.2,4487,709,39,rolling_30day_dummy,2026-06-19
128,46.0,30.4,54.0,1942,305,19,rolling_30day_dummy,2026-06-19
129,70.9,46.7,89.3,2269,346,33,rolling_30day_dummy,2026-06-19
130,25.5,48.2,92.3,4778,643,154,rolling_30day_dummy,2026-06-19
131,78.9,54.0,100.3,3839,573,67,rolling_30day_dummy,2026-06-19
132,60.8,36.6,65.1,2323,337,50,rolling_30day_dummy,2026-06-19
133,49.0,30.1,56.5,4544,554,203,rolling_30day_dummy,2026-06-19
134,52.8,40.6,71.2,2177,317,46,rolling_30day_dummy,2026-06-19
135,44.2,29.0,48.6,3469,427,151,rolling_30day_dummy,2026-06-19
136,52.1,38.4,65.5,3036,393,113,rolling_30day_dummy,2026-06-19
137,51.3,34.0,55.8,2751,309,149,rolling_30day_dummy,2026-06-19
138,21.8,52.3,95.8,2609,300,134,rolling_30day_dummy,2026-06-19
139,62.5,44.3,82.1,2170,289,72,rolling_30day_dummy,2026-06-19
140,80.0,52.9,85.4,3006,452,49,rolling_30day_dummy,2026-06-19
141,67.1,37.7,73.8,2209,327,41,rolling_30day_dummy,2026-06-19
142,59.0,40.8,67.8,3718,432,188,rolling_30day_dummy,2026-06-19
143,54.3,33.1,59.4,2846,386,89,rolling_30day_dummy,2026-06-19
144,45.2,33.9,61.9,4129,511,178,rolling_30day_dummy,2026-06-19
145,59.0,43.9,75.9,4620,548,222,rolling_30day_dummy,2026-06-19
146,76.2,47.5,81.4,4474,567,179,rolling_30day_dummy,2026-06-19
147,98.9,55.8,110.5,4050,576,99,rolling_30day_dummy,2026-06-19
148,47.3,26.5,57.1,4168,644,50,rolling_30day_dummy,2026-06-19
149,36.9,27.9,47.0,2185,247,117,rolling_30day_dummy,2026-06-19
150,81.4,56.1,91.3,4720,581,206,rolling_30day_dummy,2026-06-19
151,60.4,44.5,84.6,3579,522,75,rolling_30day_dummy,2026-06-19
152,32.3,22.8,42.8,3484,464,117,rolling_30day_dummy,2026-06-19
153,84.0,46.4,90.7,3861,493,150,rolling_30day_dummy,2026-06-19
154,34.8,24.1,42.4,2460,365,45,rolling_30day_dummy,2026-06-19
155,85.0,62.0,107.1,3274,358,188,rolling_30day_dummy,2026-06-19
156,78.2,54.0,91.7,2271,353,25,rolling_30day_dummy,2026-06-19
157,53.3,31.5,60.6,4566,557,204,rolling_30day_dummy,2026-06-19
158,59.7,36.9,74.7,3359,506,54,rolling_30day_dummy,2026-06-19
159,73.3,50.2,81.7,2302,345,38,rolling_30day_dummy,2026-06-19
160,52.8,34.7,57.2,4713,708,77,rolling_30day_dummy,2026-06-19
161,65.4,42.2,85.8,3593,500,98,rolling_30day_dummy,2026-06-19
162,60.0,43.6,77.0,4095,576,106,rolling_30day_dummy,2026-06-19
163,60.9,40.2,67.3,4233,469,237,rolling_30day_dummy,2026-06-19
164,78.9,47.9,94.3,3924,509,145,rolling_30day_dummy,2026-06-19
165,78.0,52.3,84.9,3198,446,87,rolling_30day_dummy,2026-06-19
166,53.3,35.5,67.8,2728,333,122,rolling_30day_dummy,2026-06-19
167,15.7,34.4,66.6,2068,294,50,rolling_30day_dummy,2026-06-19
168,52.5,29.6,62.0,3717,505,114,rolling_30day_dummy,2026-06-19
169,72.6,46.1,87.9,2237,317,56,rolling_30day_dummy,2026-06-19
170,26.1,42.4,79.3,2983,451,46,rolling_30day_dummy,2026-06-19
171,38.8,26.2,47.6,4482,560,187,rolling_30day_dummy,2026-06-19
172,88.5,52.4,101.3,4524,631,123,rolling_30day_dummy,2026-06-19
173,49.3,32.6,58.6,4287,475,240,rolling_30day_dummy,2026-06-19
174,55.7,33.5,67.0,2476,367,46,rolling_30day_dummy,2026-06-19
175,33.7,20.8,39.6,4632,691,81,rolling_30day_dummy,2026-06-19
176,56.4,42.5,77.4,2323,332,56,rolling_30day_dummy,2026-06-19
177,45.5,29.4,61.7,4565,652,109,rolling_30day_dummy,2026-06-19
178,75.1,54.8,87.8,4076,556,124,rolling_30day_dummy,2026-06-19
179,52.9,34.2,63.4,4716,588,198,rolling_30day_dummy,2026-06-19
180,68.1,44.2,76.5,4754,704,88,rolling_30day_dummy,2026-06-19
181,81.7,46.9,87.1,3432,394,178,rolling_30day_dummy,2026-06-19
182,75.5,50.1,90.8,2819,387,82,rolling_30day_dummy,2026-06-19
183,85.3,48.1,89.3,4565,519,242,rolling_30day_dummy,2026-06-19
184,84.7,53.7,103.9,2823,411,59,rolling_30day_dummy,2026-06-19
185,44.4,30.7,60.0,2878,384,96,rolling_30day_dummy,2026-06-19
186,89.9,58.0,104.8,3559,498,95,rolling_30day_dummy,2026-06-19
187,38.7,27.8,50.2,2328,272,116,rolling_30day_dummy,2026-06-19
188,41.4,29.6,50.1,3234,418,121,rolling_30day_dummy,2026-06-19
189,57.8,32.6,68.1,2317,328,59,rolling_30day_dummy,2026-06-19
190,54.6,33.2,67.0,3225,420,117,rolling_30day_dummy,2026-06-19
191,77.9,42.4,89.4,4533,655,100,rolling_30day_dummy,2026-06-19
192,50.1,36.0,61.7,4570,514,247,rolling_30day_dummy,2026-06-19
193,81.0,48.3,100.9,4680,591,189,rolling_30day_dummy,2026-06-19
194,34.0,23.4,43.3,4008,456,212,rolling_30day_dummy,2026-06-19
195,99.3,66.3,113.8,4070,591,87,rolling_30day_dummy,2026-06-19
196,42.2,25.4,50.6,3150,403,122,rolling_30day_dummy,2026-06-19
197,41.4,30.3,48.1,4497,655,94,rolling_30day_dummy,2026-06-19
198,62.4,44.1,72.7,2306,337,47,rolling_30day_dummy,2026-06-19
199,74.7,46.0,92.5,2400,265,135,rolling_30day_dummy,2026-06-19
200,77.8,44.9,86.3,2261,315,62,rolling_30day_dummy,2026-06-19
201,84.0,57.2,99.9,3096,460,56,rolling_30day_dummy,2026-06-19
202,49.9,31.1,54.8,2092,322,26,rolling_30day_dummy,2026-06-19
203,46.8,33.6,62.2,3947,445,213,rolling_30day_dummy,2026-06-19
204,44.3,30.9,52.4,2446,276,131,rolling_30day_dummy,2026-06-19
205,10.3,23.9,39.1,3905,510,141,rolling_30day_dummy,2026-06-19
206,44.0,28.5,50.0,3543,517,74,rolling_30day_dummy,2026-06-19
207,41.9,25.9,51.3,3912,446,206,rolling_30day_dummy,2026-06-19
208,80.3,51.2,93.2,3943,624,33,rolling_30day_dummy,2026-06-19
209,44.8,28.8,56.6,4184,602,95,rolling_30day_dummy,2026-06-19
210,102.5,68.8,117.7,3299,360,190,rolling_30day_dummy,2026-06-19
211,33.5,20.9,39.5,3563,519,75,rolling_30day_dummy,2026-06-19
212,40.1,21.5,44.7,2642,343,97,rolling_30day_dummy,2026-06-19
213,69.4,52.5,88.7,3363,394,167,rolling_30day_dummy,2026-06-19
214,73.8,41.6,85.3,2178,308,55,rolling_30day_dummy,2026-06-19
215,70.2,51.9,92.4,4669,673,105,rolling_30day_dummy,2026-06-19
216,57.9,37.2,70.5,4596,641,125,rolling_30day_dummy,2026-06-19
217,49.0,33.3,61.1,2132,258,97,rolling_30day_dummy,2026-06-19
218,58.1,41.7,74.2,1951,229,96,rolling_30day_dummy,2026-06-19
219,66.6,52.5,86.6,3058,340,169,rolling_30day_dummy,2026-06-19
220,16.6,43.9,77.8,3437,401,172,rolling_30day_dummy,2026-06-19
221,63.7,48.4,82.4,3300,417,133,rolling_30day_dummy,2026-06-19
222,51.0,31.8,57.8,2892,362,120,rolling_30day_dummy,2026-06-19
223,36.8,23.8,43.3,3713,415,204,rolling_30day_dummy,2026-06-19
224,79.2,53.7,110.1,3074,463,50,rolling_30day_dummy,2026-06-19
225,15.3,22.4,44.5,3089,364,151,rolling_30day_dummy,2026-06-19
226,31.7,23.0,42.6,2013,226,109,rolling_30day_dummy,2026-06-19
227,82.8,52.6,93.8,3629,431,174,rolling_30day_dummy,2026-06-19
228,69.2,41.0,75.3,2159,282,78,rolling_30day_dummy,2026-06-19
229,67.5,39.1,73.4,4392,613,119,rolling_30day_dummy,2026-06-19
230,61.7,39.0,71.9,3295,370,179,rolling_30day_dummy,2026-06-19
231,66.2,38.4,79.9,2941,341,149,rolling_30day_dummy,2026-06-19
232,80.1,56.9,102.5,3824,419,218,rolling_30day_dummy,2026-06-19
233,42.8,28.1,57.4,4470,573,172,rolling_30day_dummy,2026-06-19
234,49.5,30.1,60.9,2406,381,20,rolling_30day_dummy,2026-06-19
235,43.5,27.3,54.2,3076,453,59,rolling_30day_dummy,2026-06-19
236,50.4,35.6,61.9,4724,713,74,rolling_30day_dummy,2026-06-19
237,36.6,24.8,45.7,4408,679,56,rolling_30day_dummy,2026-06-19
238,35.1,20.1,42.9,3046,364,144,rolling_30day_dummy,2026-06-19
239,40.8,26.7,46.7,2963,417,77,rolling_30day_dummy,2026-06-19
240,50.9,31.4,60.9,4270,552,160,rolling_30day_dummy,2026-06-19
241,42.9,32.8,58.1,2163,274,87,rolling_30day_dummy,2026-06-19
242,38.3,25.4,49.8,2262,331,46,rolling_30day_dummy,2026-06-19
243,30.2,42.5,82.4,3565,486,108,rolling_30day_dummy,2026-06-19
244,111.6,67.5,116.3,3557,496,97,rolling_30day_dummy,2026-06-19
245,57.2,34.6,72.4,3560,434,160,rolling_30day_dummy,2026-06-19
246,65.7,52.0,86.0,4124,641,47,rolling_30day_dummy,2026-06-19
247,56.3,31.7,66.5,4458,629,114,rolling_30day_dummy,2026-06-19
248,49.6,38.2,66.0,3072,430,82,rolling_30day_dummy,2026-06-19
249,43.5,32.6,59.8,2858,418,58,rolling_30day_dummy,2026-06-19
250,59.6,42.9,73.6,4367,673,55,rolling_30day_dummy,2026-06-19
251,68.8,46.6,94.3,2625,307,130,rolling_30day_dummy,2026-06-19
252,62.5,45.4,78.3,4440,540,200,rolling_30day_dummy,2026-06-19
253,62.4,42.0,76.4,3956,621,38,rolling_30day_dummy,2026-06-19
254,47.0,31.5,62.7,4358,619,107,rolling_30day_dummy,2026-06-19
255,69.1,41.6,79.3,3755,574,52,rolling_30day_dummy,2026-06-19
256,28.4,38.7,81.5,2226,278,93,rolling_30day_dummy,2026-06-19
257,40.7,30.1,51.4,3978,627,36,rolling_30day_dummy,2026-06-19
258,79.4,61.1,95.5,3349,435,123,rolling_30day_dummy,2026-06-19
259,35.9,22.5,43.9,2449,364,44,rolling_30day_dummy,2026-06-19
260,53.5,37.7,69.5,2214,341,28,rolling_30day_dummy,2026-06-19
261,37.2,27.0,47.5,2677,359,87,rolling_30day_dummy,2026-06-19
262,63.9,38.4,69.7,2281,295,86,rolling_30day_dummy,2026-06-19
263,42.6,29.7,55.7,2311,308,77,rolling_30day_dummy,2026-06-19
264,46.6,31.7,59.5,4349,499,226,rolling_30day_dummy,2026-06-19
265,55.7,36.9,69.0,4658,521,255,rolling_30day_dummy,2026-06-19
266,48.9,32.0,55.0,4785,745,53,rolling_30day_dummy,2026-06-19
267,66.4,41.4,79.1,3531,498,91,rolling_30day_dummy,2026-06-19
268,51.6,31.3,56.7,3550,400,192,rolling_30day_dummy,2026-06-19
269,43.5,27.8,53.2,2092,288,60,rolling_30day_dummy,2026-06-19
270,65.1,44.6,73.6,2261,273,104,rolling_30day_dummy,2026-06-19
271,79.3,45.3,93.8,4139,622,68,rolling_30day_dummy,2026-06-19
272,37.2,28.0,48.3,3564,450,144,rolling_30day_dummy,2026-06-19
273,54.2,39.1,69.1,3552,388,204,rolling_30day_dummy,2026-06-19
274,49.0,28.9,58.0,4090,579,102,rolling_30day_dummy,2026-06-19
275,60.4,44.9,70.9,4262,674,37,rolling_30day_dummy,2026-06-19
276,59.9,37.7,81.6,3965,576,85,rolling_30day_dummy,2026-06-19
277,30.7,20.7,39.3,1951,305,20,rolling_30day_dummy,2026-06-19
278,63.3,41.9,80.7,3486,395,186,rolling_30day_dummy,2026-06-19
279,51.6,34.1,58.7,4326,532,189,rolling_30day_dummy,2026-06-19
280,41.0,29.9,53.6,4280,630,84,rolling_30day_dummy,2026-06-19
281,33.6,25.0,42.2,4653,612,164,rolling_30day_dummy,2026-06-19
282,80.9,53.8,91.3,3416,401,169,rolling_30day_dummy,2026-06-19
283,47.3,29.0,62.0,3424,430,141,rolling_30day_dummy,2026-06-19
284,82.5,53.0,93.2,1991,244,88,rolling_30day_dummy,2026-06-19
285,57.1,34.3,62.2,3397,487,79,rolling_30day_dummy,2026-06-19
286,74.1,48.4,85.1,3544,521,70,rolling_30day_dummy,2026-06-19
287,85.5,55.1,96.0,4564,662,98,rolling_30day_dummy,2026-06-19
288,80.5,51.6,96.1,4469,633,111,rolling_30day_dummy,2026-06-19
289,57.1,31.7,63.1,2100,306,44,rolling_30day_dummy,2026-06-19
290,54.8,35.4,70.7,2329,360,28,rolling_30day_dummy,2026-06-19
291,54.9,33.8,59.9,3021,367,136,rolling_30day_dummy,2026-06-19
292,48.7,29.5,54.9,4166,509,185,rolling_30day_dummy,2026-06-19
293,44.0,30.6,55.1,2399,378,22,rolling_30day_dummy,2026-06-19
294,47.3,35.9,64.9,4149,632,59,rolling_30day_dummy,2026-06-19
295,57.1,34.9,66.3,3627,513,91,rolling_30day_dummy,2026-06-19
296,49.6,35.6,57.7,4447,658,83,rolling_30day_dummy,2026-06-19
297,50.9,31.7,59.1,2906,408,76,rolling_30day_dummy,2026-06-19
298,40.6,25.4,48.6,3079,381,132,rolling_30day_dummy,2026-06-19
299,44.1,28.7,55.0,2093,286,63,rolling_30day_dummy,2026-06-19
300,54.0,42.2,67.3,3412,411,157,rolling_30day_dummy,2026-06-19
301,53.9,35.8,62.9,4151,470,222,rolling_30day_dummy,2026-06-19
302,12.5,25.3,44.1,3398,426,141,rolling_30day_dummy,2026-06-19
303,54.8,31.8,68.2,3422,509,61,rolling_30day_dummy,2026-06-19
304,69.7,56.4,92.9,4556,525,234,rolling_30day_dummy,2026-06-19
305,92.3,51.3,105.6,4128,457,231,rolling_30day_dummy,2026-06-19
306,53.4,41.2,69.5,2825,339,132,rolling_30day_dummy,2026-06-19
307,28.3,38.7,78.5,4641,685,89,rolling_30day_dummy,2026-06-19
308,30.6,48.0,85.3,4007,611,57,rolling_30day_dummy,2026-06-19
309,59.1,41.1,75.5,2787,340,124,rolling_30day_dummy,2026-06-19
310,36.5,24.7,41.7,1422,222,15,rolling_30day_dummy,2026-06-19
311,19.6,13.3,26.6,2175,288,75,rolling_30day_dummy,2026-06-19
312,28.0,19.9,39.5,1901,271,46,rolling_30day_dummy,2026-06-19
313,54.2,32.7,63.3,2050,291,51,rolling_30day_dummy,2026-06-19
314,27.0,17.8,35.1,1289,168,47,rolling_30day_dummy,2026-06-19
315,18.6,26.8,48.1,2321,349,38,rolling_30day_dummy,2026-06-19
316,29.6,20.6,37.9,2475,379,33,rolling_30day_dummy,2026-06-19
317,33.0,19.1,40.9,1760,232,61,rolling_30day_dummy,2026-06-19
318,9.7,17.3,36.6,1574,194,68,rolling_30day_dummy,2026-06-19
319,49.9,27.6,53.1,2659,413,31,rolling_30day_dummy,2026-06-19
320,46.4,29.9,58.4,2659,381,62,rolling_30day_dummy,2026-06-19
321,25.0,15.2,28.8,1282,162,51,rolling_30day_dummy,2026-06-19
322,44.9,31.9,52.9,1956,228,98,rolling_30day_dummy,2026-06-19
323,28.4,21.2,40.2,1788,229,69,rolling_30day_dummy,2026-06-19
324,31.2,22.3,39.7,1534,200,55,rolling_30day_dummy,2026-06-19
325,33.7,18.2,36.7,1921,286,34,rolling_30day_dummy,2026-06-19
326,39.6,26.0,43.9,2162,310,50,rolling_30day_dummy,2026-06-19
327,42.2,29.2,50.4,1674,224,55,rolling_30day_dummy,2026-06-19
328,37.8,26.7,46.3,1578,243,20,rolling_30day_dummy,2026-06-19
329,35.1,22.1,40.7,2479,341,72,rolling_30day_dummy,2026-06-19
330,30.8,20.6,37.9,2146,325,33,rolling_30day_dummy,2026-06-19
331,15.0,25.3,41.3,1575,176,87,rolling_30day_dummy,2026-06-19
332,26.7,17.7,34.8,1333,150,72,rolling_30day_dummy,2026-06-19
333,33.7,23.4,39.4,1703,258,26,rolling_30day_dummy,2026-06-19
334,30.0,22.3,37.4,2601,377,56,rolling_30day_dummy,2026-06-19
335,37.2,23.7,40.4,2426,294,110,rolling_30day_dummy,2026-06-19
336,60.5,34.9,65.3,1420,162,74,rolling_30day_dummy,2026-06-19
337,23.1,13.5,27.3,2062,231,113,rolling_30day_dummy,2026-06-19
338,29.9,17.6,34.7,1088,135,46,rolling_30day_dummy,2026-06-19
339,43.2,32.1,55.2,2550,389,36,rolling_30day_dummy,2026-06-19
340,49.9,29.4,53.7,2606,307,127,rolling_30day_dummy,2026-06-19
341,9.1,16.1,27.7,1431,173,66,rolling_30day_dummy,2026-06-19
342,35.3,20.1,39.9,1635,245,27,rolling_30day_dummy,2026-06-19
343,7.7,20.1,35.9,1568,184,77,rolling_30day_dummy,2026-06-19
344,29.9,18.4,35.2,1381,166,64,rolling_30day_dummy,2026-06-19
345,28.7,19.5,35.9,2187,319,46,rolling_30day_dummy,2026-06-19
346,11.4,23.0,45.4,1690,255,26,rolling_30day_dummy,2026-06-19
347,33.5,20.4,38.7,1088,169,12,rolling_30day_dummy,2026-06-19
348,49.2,32.4,63.6,1436,159,81,rolling_30day_dummy,2026-06-19
349,23.5,14.7,28.9,2151,268,90,rolling_30day_dummy,2026-06-19
350,35.8,23.4,48.8,2217,308,62,rolling_30day_dummy,2026-06-19
351,10.3,23.9,39.1,1107,138,46,rolling_30day_dummy,2026-06-19
352,31.1,18.5,33.0,1971,287,42,rolling_30day_dummy,2026-06-19
353,28.5,19.4,33.9,2115,253,100,rolling_30day_dummy,2026-06-19
354,14.0,31.5,54.1,2112,293,59,rolling_30day_dummy,2026-06-19
355,24.1,15.4,29.2,2135,249,107,rolling_30day_dummy,2026-06-19
356,40.5,30.0,50.9,2344,272,119,rolling_30day_dummy,2026-06-19
357,9.7,13.8,26.0,1623,241,30,rolling_30day_dummy,2026-06-19
358,44.0,26.7,53.8,2459,344,66,rolling_30day_dummy,2026-06-19
359,48.4,27.1,57.1,1795,245,54,rolling_30day_dummy,2026-06-19
360,34.2,20.3,39.3,1178,150,47,rolling_30day_dummy,2026-06-19
361,36.5,23.9,46.5,2135,303,53,rolling_30day_dummy,2026-06-19
362,49.1,30.5,52.9,1635,255,18,rolling_30day_dummy,2026-06-19
363,47.9,33.1,58.6,2109,268,83,rolling_30day_dummy,2026-06-19
364,40.2,23.7,51.5,1685,187,94,rolling_30day_dummy,2026-06-19
365,33.7,24.5,39.3,1887,229,86,rolling_30day_dummy,2026-06-19
366,40.6,26.0,45.7,1980,292,38,rolling_30day_dummy,2026-06-19
367,23.4,17.3,30.9,2227,274,97,rolling_30day_dummy,2026-06-19
368,42.5,28.8,47.6,1560,228,32,rolling_30day_dummy,2026-06-19
369,39.1,25.0,44.2,2165,257,104,rolling_30day_dummy,2026-06-19
370,31.0,18.7,39.3,1457,201,42,rolling_30day_dummy,2026-06-19
371,60.2,43.2,78.0,2361,299,95,rolling_30day_dummy,2026-06-19
372,39.7,28.8,48.9,1455,196,46,rolling_30day_dummy,2026-06-19
373,33.3,18.8,40.0,1196,152,47,rolling_30day_dummy,2026-06-19
374,40.1,26.7,48.1,1142,158,33,rolling_30day_dummy,2026-06-19
375,23.3,13.1,27.0,2050,298,44,rolling_30day_dummy,2026-06-19
376,30.9,22.0,38.7,1603,230,37,rolling_30day_dummy,2026-06-19
377,26.8,16.1,32.6,2011,261,74,rolling_30day_dummy,2026-06-19
378,33.7,21.9,39.6,1583,174,89,rolling_30day_dummy,2026-06-19
379,35.8,24.3,46.6,1792,268,30,rolling_30day_dummy,2026-06-19
380,43.4,27.2,49.4,2490,283,132,rolling_30day_dummy,2026-06-19
381,27.0,18.6,33.5,2576,328,101,rolling_30day_dummy,2026-06-19
382,40.3,30.5,52.2,1150,170,22,rolling_30day_dummy,2026-06-19
383,13.0,27.1,52.8,2616,412,24,rolling_30day_dummy,2026-06-19
384,48.2,33.3,63.1,1898,275,42,rolling_30day_dummy,2026-06-19
385,35.3,21.2,44.3,2278,260,120,rolling_30day_dummy,2026-06-19
386,21.4,12.7,26.1,2586,405,26,rolling_30day_dummy,2026-06-19
387,34.0,18.7,36.3,1385,153,78,rolling_30day_dummy,2026-06-19
388,34.6,20.1,38.4,1699,187,96,rolling_30day_dummy,2026-06-19
389,23.2,17.0,29.6,2517,365,54,rolling_30day_dummy,2026-06-19
390,25.3,16.4,31.4,1921,296,24,rolling_30day_dummy,2026-06-19
391,36.5,21.9,43.7,2534,356,67,rolling_30day_dummy,2026-06-19
392,28.8,20.4,38.4,2438,371,35,rolling_30day_dummy,2026-06-19
393,27.1,16.4,32.7,2698,380,70,rolling_30day_dummy,2026-06-19
394,29.9,19.7,38.1,2150,242,116,rolling_30day_dummy,2026-06-19
395,43.4,32.0,55.5,1189,166,33,rolling_30day_dummy,2026-06-19
396,51.3,36.6,65.2,2542,373,51,rolling_30day_dummy,2026-06-19
397,43.6,32.6,58.9,1380,184,46,rolling_30day_dummy,2026-06-19
398,26.2,20.6,32.3,1334,192,30,rolling_30day_dummy,2026-06-19
399,28.4,22.3,38.8,1678,221,59,rolling_30day_dummy,2026-06-19
400,33.9,23.9,43.0,1415,161,75,rolling_30day_dummy,2026-06-19
401,34.3,22.7,44.7,1306,198,20,rolling_30day_dummy,2026-06-19
402,45.9,35.0,58.4,2114,251,101,rolling_30day_dummy,2026-06-19
403,45.4,25.4,49.7,2554,303,123,rolling_30day_dummy,2026-06-19
404,31.3,21.3,35.2,1507,173,78,rolling_30day_dummy,2026-06-19
405,30.1,17.9,34.4,1686,212,69,rolling_30day_dummy,2026-06-19
406,29.2,20.8,33.1,2119,272,81,rolling_30day_dummy,2026-06-19
407,48.2,26.7,55.4,1566,185,76,rolling_30day_dummy,2026-06-19
408,26.4,19.9,34.8,1879,219,94,rolling_30day_dummy,2026-06-19
409,27.7,17.4,33.4,2559,335,92,rolling_30day_dummy,2026-06-19
410,21.2,15.5,26.7,1270,138,73,rolling_30day_dummy,2026-06-19
411,20.2,14.3,27.0,1946,259,66,rolling_30day_dummy,2026-06-19
412,39.3,29.2,47.3,1425,162,76,rolling_30day_dummy,2026-06-19
413,15.4,27.0,46.0,2333,268,121,rolling_30day_dummy,2026-06-19
414,27.2,18.9,34.4,1417,162,74,rolling_30day_dummy,2026-06-19
415,32.3,21.8,36.2,2393,361,38,rolling_30day_dummy,2026-06-19
416,48.9,26.5,53.8,1733,258,30,rolling_30day_dummy,2026-06-19
417,45.7,30.3,50.0,2588,408,24,rolling_30day_dummy,2026-06-19
418,32.0,21.2,37.0,1668,248,30,rolling_30day_dummy,2026-06-19
419,23.2,15.8,28.4,1879,251,62,rolling_30day_dummy,2026-06-19
420,26.5,17.8,31.0,1253,160,48,rolling_30day_dummy,2026-06-19
421,24.1,16.9,31.8,1529,210,44,rolling_30day_dummy,2026-06-19
422,40.7,25.5,44.4,1753,245,47,rolling_30day_dummy,2026-06-19
423,39.5,27.2,46.5,2526,399,22,rolling_30day_dummy,2026-06-19
424,33.4,23.4,42.4,2030,254,84,rolling_30day_dummy,2026-06-19
425,33.9,25.4,44.5,2392,367,31,rolling_30day_dummy,2026-06-19
426,32.0,18.0,37.4,2463,384,27,rolling_30day_dummy,2026-06-19
427,48.6,29.7,51.0,1226,191,13,rolling_30day_dummy,2026-06-19
428,45.5,32.3,55.4,1590,222,43,rolling_30day_dummy,2026-06-19
429,34.0,20.2,40.2,2428,338,67,rolling_30day_dummy,2026-06-19
430,28.9,18.8,36.5,2304,364,20,rolling_30day_dummy,2026-06-19
431,27.7,19.3,33.1,1994,257,75,rolling_30day_dummy,2026-06-19
432,26.5,19.3,33.2,1734,255,34,rolling_30day_dummy,2026-06-19
433,40.3,23.9,43.1,1888,212,103,rolling_30day_dummy,2026-06-19
434,43.1,27.4,55.3,1104,133,51,rolling_30day_dummy,2026-06-19
435,36.4,28.3,49.7,1288,172,43,rolling_30day_dummy,2026-06-19
436,28.4,20.5,35.6,1657,241,36,rolling_30day_dummy,2026-06-19
437,30.0,20.3,33.5,1307,153,65,rolling_30day_dummy,2026-06-19
438,30.3,20.5,35.4,1453,217,25,rolling_30day_dummy,2026-06-19
439,27.6,17.7,35.9,2387,327,71,rolling_30day_dummy,2026-06-19
440,37.1,24.0,43.4,2324,268,120,rolling_30day_dummy,2026-06-19
441,28.0,19.7,38.3,2264,250,128,rolling_30day_dummy,2026-06-19
442,21.8,14.1,28.0,1998,256,77,rolling_30day_dummy,2026-06-19
443,30.0,17.9,35.2,2573,384,44,rolling_30day_dummy,2026-06-19
444,30.7,22.7,39.9,1452,228,14,rolling_30day_dummy,2026-06-19
445,22.8,17.8,29.8,2085,305,42,rolling_30day_dummy,2026-06-19
446,28.1,18.9,36.4,1762,211,83,rolling_30day_dummy,2026-06-19
447,40.0,27.1,50.1,2606,399,35,rolling_30day_dummy,2026-06-19
448,34.4,23.2,40.9,1636,190,83,rolling_30day_dummy,2026-06-19
449,43.4,29.9,51.4,1466,188,56,rolling_30day_dummy,2026-06-19
450,30.9,19.5,38.1,2324,329,58,rolling_30day_dummy,2026-06-19
451,21.9,16.6,29.0,2393,300,99,rolling_30day_dummy,2026-06-19
452,30.9,19.8,36.0,2244,280,94,rolling_30day_dummy,2026-06-19
453,31.3,22.3,38.8,2349,305,86,rolling_30day_dummy,2026-06-19
454,26.4,17.6,35.4,1391,214,18,rolling_30day_dummy,2026-06-19
455,13.8,35.2,61.9,2060,271,72,rolling_30day_dummy,2026-06-19
456,34.0,23.5,43.8,1950,220,105,rolling_30day_dummy,2026-06-19
457,46.3,35.3,56.8,2553,322,104,rolling_30day_dummy,2026-06-19
458,43.4,27.8,49.1,1724,237,50,rolling_30day_dummy,2026-06-19
459,35.4,27.5,48.0,1478,200,46,rolling_30day_dummy,2026-06-19
460,63.5,41.0,67.9,1578,246,17,rolling_30day_dummy,2026-06-19
461,40.5,26.2,53.8,1910,255,63,rolling_30day_dummy,2026-06-19
462,35.2,20.3,40.3,2673,395,50,rolling_30day_dummy,2026-06-19
463,24.7,18.8,32.2,2211,322,46,rolling_30day_dummy,2026-06-19
464,32.7,17.4,36.8,2246,296,79,rolling_30day_dummy,2026-06-19
465,38.2,25.4,41.0,1836,237,69,rolling_30day_dummy,2026-06-19
466,7.9,19.8,36.5,1723,226,61,rolling_30day_dummy,2026-06-19
467,20.4,13.9,27.5,2589,296,136,rolling_30day_dummy,2026-06-19
468,31.9,22.5,40.9,1810,204,98,rolling_30day_dummy,2026-06-19
469,35.1,20.7,41.7,1283,146,68,rolling_30day_dummy,2026-06-19
470,33.3,23.8,41.7,2344,269,121,rolling_30day_dummy,2026-06-19
471,41.9,29.8,50.9,1407,158,76,rolling_30day_dummy,2026-06-19
472,26.7,14.2,29.5,1712,219,66,rolling_30day_dummy,2026-06-19
473,17.5,26.9,42.5,2072,240,105,rolling_30day_dummy,2026-06-19
474,35.2,23.2,42.3,2428,382,23,rolling_30day_dummy,2026-06-19
475,34.0,19.9,36.5,1091,140,41,rolling_30day_dummy,2026-06-19
476,62.1,42.0,71.5,2136,232,124,rolling_30day_dummy,2026-06-19
477,29.0,22.6,39.0,1301,184,33,rolling_30day_dummy,2026-06-19
478,15.1,22.6,41.3,2103,303,47,rolling_30day_dummy,2026-06-19
479,15.8,26.3,41.6,2060,321,23,rolling_30day_dummy,2026-06-19
480,34.2,18.6,36.7,1917,231,88,rolling_30day_dummy,2026-06-19
481,57.3,35.6,63.8,1771,220,75,rolling_30day_dummy,2026-06-19
482,35.9,25.7,48.0,1956,285,41,rolling_30day_dummy,2026-06-19
483,30.0,21.7,37.1,2631,367,71,rolling_30day_dummy,2026-06-19
484,80.2,46.5,93.7,2934,410,79,rolling_30day_dummy,2026-06-19
485,75.3,44.2,80.6,3278,508,38,rolling_30day_dummy,2026-06-19
486,72.1,47.3,86.8,2344,371,20,rolling_30day_dummy,2026-06-19
487,58.8,38.4,79.2,3039,331,176,rolling_30day_dummy,2026-06-19
488,40.1,30.0,52.3,2069,264,81,rolling_30day_dummy,2026-06-19
489,54.1,38.5,66.0,4539,706,51,rolling_30day_dummy,2026-06-19
490,60.8,47.5,79.0,2914,318,167,rolling_30day_dummy,2026-06-19
491,58.8,35.3,73.5,4620,579,191,rolling_30day_dummy,2026-06-19
492,54.9,35.5,68.3,2309,338,46,rolling_30day_dummy,2026-06-19
493,38.7,28.4,47.3,3825,429,209,rolling_30day_dummy,2026-06-19
494,52.2,30.3,63.9,3655,503,106,rolling_30day_dummy,2026-06-19
495,13.2,28.9,52.8,3824,590,47,rolling_30day_dummy,2026-06-19
496,82.0,49.2,90.4,4210,569,133,rolling_30day_dummy,2026-06-19
497,66.2,53.0,86.8,2135,232,124,rolling_30day_dummy,2026-06-19
498,22.5,38.2,69.4,4049,462,213,rolling_30day_dummy,2026-06-19
499,47.6,37.0,58.9,1995,257,76,rolling_30day_dummy,2026-06-19
500,49.5,29.7,64.1,2788,304,161,rolling_30day_dummy,2026-06-19
501,65.6,41.5,75.8,4360,616,110,rolling_30day_dummy,2026-06-19
502,62.1,37.4,67.2,3563,434,160,rolling_30day_dummy,2026-06-19
503,73.1,40.3,77.7,4601,577,190,rolling_30day_dummy,2026-06-19
504,52.3,32.3,58.8,4403,650,84,rolling_30day_dummy,2026-06-19
505,31.3,63.5,114.6,3139,455,68,rolling_30day_dummy,2026-06-19
506,23.6,35.8,64.1,2731,405,50,rolling_30day_dummy,2026-06-19
507,45.8,33.9,64.1,2507,295,122,rolling_30day_dummy,2026-06-19
508,38.5,26.6,54.4,2042,256,84,rolling_30day_dummy,2026-06-19
509,110.8,67.6,119.1,3983,558,106,rolling_30day_dummy,2026-06-19
510,50.2,31.2,61.6,4241,566,141,rolling_30day_dummy,2026-06-19
511,81.0,59.4,104.3,2057,306,37,rolling_30day_dummy,2026-06-19
512,37.6,28.4,50.2,3336,430,126,rolling_30day_dummy,2026-06-19
513,65.5,38.6,70.4,4313,664,55,rolling_30day_dummy,2026-06-19
514,40.2,28.1,51.0,3762,449,178,rolling_30day_dummy,2026-06-19
515,87.8,57.9,115.8,3120,440,80,rolling_30day_dummy,2026-06-19
516,88.9,54.4,99.4,4654,690,85,rolling_30day_dummy,2026-06-19
517,46.7,26.5,50.9,3137,495,28,rolling_30day_dummy,2026-06-19
518,57.1,38.9,66.6,2819,359,111,rolling_30day_dummy,2026-06-19
519,76.1,44.9,88.6,3352,511,47,rolling_30day_dummy,2026-06-19
520,48.5,25.7,52.7,2919,404,82,rolling_30day_dummy,2026-06-19
521,54.7,35.0,70.9,3049,428,80,rolling_30day_dummy,2026-06-19
522,51.2,39.4,65.0,3351,406,152,rolling_30day_dummy,2026-06-19
523,79.9,49.5,98.2,2143,326,31,rolling_30day_dummy,2026-06-19
524,63.2,41.5,82.8,3658,409,201,rolling_30day_dummy,2026-06-19
525,37.8,28.7,46.5,3598,568,32,rolling_30day_dummy,2026-06-19
526,58.4,40.4,67.6,3969,542,119,rolling_30day_dummy,2026-06-19
527,83.0,48.7,94.8,2620,360,77,rolling_30day_dummy,2026-06-19
528,80.9,48.5,100.9,2038,239,101,rolling_30day_dummy,2026-06-19
529,67.8,45.0,80.5,3959,563,97,rolling_30day_dummy,2026-06-19
530,80.4,54.9,107.3,2983,346,151,rolling_30day_dummy,2026-06-19
531,23.4,56.2,97.3,3641,546,60,rolling_30day_dummy,2026-06-19
532,63.2,40.8,75.5,2700,393,57,rolling_30day_dummy,2026-06-19
533,26.6,20.5,35.3,1645,192,82,rolling_30day_dummy,2026-06-19
534,9.1,17.7,30.1,1506,223,28,rolling_30day_dummy,2026-06-19
535,31.1,24.4,39.3,1878,263,50,rolling_30day_dummy,2026-06-19
536,30.5,21.4,42.4,2129,262,93,rolling_30day_dummy,2026-06-19
537,11.6,20.8,37.8,1461,207,37,rolling_30day_dummy,2026-06-19
538,30.9,19.4,35.1,1592,228,38,rolling_30day_dummy,2026-06-19
539,30.5,20.8,38.7,1829,244,61,rolling_30day_dummy,2026-06-19
540,28.6,19.6,34.6,2208,316,52,rolling_30day_dummy,2026-06-19
541,54.8,35.7,60.0,1678,248,32,rolling_30day_dummy,2026-06-19
542,52.1,29.7,56.7,1181,181,16,rolling_30day_dummy,2026-06-19
543,36.6,23.8,42.6,1921,288,32,rolling_30day_dummy,2026-06-19
544,37.9,24.5,47.6,1816,207,96,rolling_30day_dummy,2026-06-19
545,45.1,31.3,51.5,2695,408,41,rolling_30day_dummy,2026-06-19
546,32.1,20.9,42.3,2020,315,22,rolling_30day_dummy,2026-06-19
547,53.6,41.9,69.8,1155,153,39,rolling_30day_dummy,2026-06-19
548,32.3,22.6,37.8,2123,326,28,rolling_30day_dummy,2026-06-19
549,41.4,25.9,53.6,1214,145,57,rolling_30day_dummy,2026-06-19
550,21.6,13.3,26.5,1683,186,95,rolling_30day_dummy,2026-06-19
551,29.3,20.5,38.1,1137,149,41,rolling_30day_dummy,2026-06-19
552,41.6,25.1,46.3,2053,235,107,rolling_30day_dummy,2026-06-19
553,29.1,21.1,35.5,1360,156,70,rolling_30day_dummy,2026-06-19
554,23.8,18.8,30.0,2610,341,94,rolling_30day_dummy,2026-06-19
555,54.8,35.9,60.9,1393,219,13,rolling_30day_dummy,2026-06-19
556,49.1,28.8,56.0,2648,356,86,rolling_30day_dummy,2026-06-19
557,66.1,46.5,74.3,2560,404,23,rolling_30day_dummy,2026-06-19
558,31.0,20.5,34.2,1919,257,63,rolling_30day_dummy,2026-06-19
559,50.3,30.2,60.2,1832,241,64,rolling_30day_dummy,2026-06-19
560,37.7,28.8,52.6,1710,187,98,rolling_30day_dummy,2026-06-19
561,36.2,26.5,48.2,2293,258,124,rolling_30day_dummy,2026-06-19
562,20.4,14.2,26.1,1384,210,20,rolling_30day_dummy,2026-06-19
563,38.1,27.9,47.6,1654,236,40,rolling_30day_dummy,2026-06-19
564,49.2,28.6,56.7,1175,160,35,rolling_30day_dummy,2026-06-19
565,43.1,26.3,49.2,1772,271,24,rolling_30day_dummy,2026-06-19
566,8.0,14.7,28.8,1390,196,36,rolling_30day_dummy,2026-06-19
567,27.6,20.8,36.2,2570,315,114,rolling_30day_dummy,2026-06-19
568,27.5,18.2,37.7,1810,274,27,rolling_30day_dummy,2026-06-19
569,25.7,17.7,33.2,1441,209,32,rolling_30day_dummy,2026-06-19
570,31.6,18.4,36.8,1523,171,83,rolling_30day_dummy,2026-06-19
571,20.6,12.3,26.2,1369,205,23,rolling_30day_dummy,2026-06-19
572,23.6,15.3,29.0,1224,155,49,rolling_30day_dummy,2026-06-19
573,34.1,21.3,44.3,1166,176,19,rolling_30day_dummy,2026-06-19
574,30.7,19.4,36.3,2241,335,38,rolling_30day_dummy,2026-06-19
575,60.1,33.3,67.1,1250,192,16,rolling_30day_dummy,2026-06-19
576,49.3,33.9,58.6,2443,279,129,rolling_30day_dummy,2026-06-19
577,26.1,16.6,33.1,2648,384,57,rolling_30day_dummy,2026-06-19
578,37.8,25.3,41.6,2561,318,109,rolling_30day_dummy,2026-06-19
579,38.7,28.2,48.1,1366,207,21,rolling_30day_dummy,2026-06-19
580,68.4,39.8,79.0,2365,270,124,rolling_30day_dummy,2026-06-19
581,53.2,33.4,64.4,2048,312,30,rolling_30day_dummy,2026-06-19
582,26.8,19.1,37.5,2612,410,25,rolling_30day_dummy,2026-06-19
583,41.5,28.9,53.2,1555,209,51,rolling_30day_dummy,2026-06-19
584,27.0,19.7,36.5,2061,280,64,rolling_30day_dummy,2026-06-19
585,24.5,14.6,32.1,2078,289,58,rolling_30day_dummy,2026-06-19
586,56.1,31.4,61.8,1387,212,19,rolling_30day_dummy,2026-06-19
587,29.0,19.1,34.9,2052,231,111,rolling_30day_dummy,2026-06-19
588,44.8,26.7,52.4,2255,340,35,rolling_30day_dummy,2026-06-19
589,39.5,28.7,47.8,2387,300,98,rolling_30day_dummy,2026-06-19
590,30.4,21.5,40.7,2466,317,94,rolling_30day_dummy,2026-06-19
591,7.1,13.3,26.2,1123,171,16,rolling_30day_dummy,2026-06-19
592,42.2,27.3,49.3,2309,264,121,rolling_30day_dummy,2026-06-19
593,50.0,31.7,63.5,1606,186,82,rolling_30day_dummy,2026-06-19
594,21.6,16.7,27.4,2320,330,56,rolling_30day_dummy,2026-06-19
595,58.3,38.7,61.3,1325,192,29,rolling_30day_dummy,2026-06-19
596,9.7,17.2,30.4,1689,202,79,rolling_30day_dummy,2026-06-19
597,52.7,35.6,59.3,1738,249,41,rolling_30day_dummy,2026-06-19
598,31.5,19.1,37.3,2207,278,89,rolling_30day_dummy,2026-06-19
599,20.6,12.4,26.7,923,101,53,rolling_30day_dummy,2026-06-19
600,21.8,14.5,26.7,1066,129,48,rolling_30day_dummy,2026-06-19
601,12.0,25.7,47.2,484,56,24,rolling_30day_dummy,2026-06-19
602,27.6,18.7,35.8,685,90,24,rolling_30day_dummy,2026-06-19
603,22.2,15.7,28.1,1010,132,36,rolling_30day_dummy,2026-06-19
604,26.9,19.0,31.2,652,83,25,rolling_30day_dummy,2026-06-19
605,30.1,21.5,37.0,1087,167,14,rolling_30day_dummy,2026-06-19
606,20.7,16.7,28.0,704,90,28,rolling_30day_dummy,2026-06-19
607,27.2,19.1,33.4,960,113,47,rolling_30day_dummy,2026-06-19
608,41.8,28.1,50.1,520,81,6,rolling_30day_dummy,2026-06-19
609,33.2,18.7,36.9,1140,160,30,rolling_30day_dummy,2026-06-19
610,15.1,9.5,20.9,561,87,6,rolling_30day_dummy,2026-06-19
611,16.4,11.4,20.0,776,102,28,rolling_30day_dummy,2026-06-19
612,42.8,30.0,47.9,760,105,21,rolling_30day_dummy,2026-06-19
613,22.8,14.2,25.9,698,87,29,rolling_30day_dummy,2026-06-19
614,16.0,10.5,20.5,866,136,9,rolling_30day_dummy,2026-06-19
615,28.0,17.5,34.8,858,105,38,rolling_30day_dummy,2026-06-19
616,21.7,13.3,26.8,1052,163,12,rolling_30day_dummy,2026-06-19
617,22.7,15.6,26.1,1180,148,49,rolling_30day_dummy,2026-06-19
618,34.4,21.4,40.2,1057,155,21,rolling_30day_dummy,2026-06-19
619,29.4,20.4,36.0,1001,141,26,rolling_30day_dummy,2026-06-19
620,25.2,16.9,27.3,622,92,12,rolling_30day_dummy,2026-06-19
621,37.0,24.0,42.5,633,75,30,rolling_30day_dummy,2026-06-19
622,30.4,23.5,39.2,489,77,4,rolling_30day_dummy,2026-06-19
623,25.8,14.8,29.8,547,73,18,rolling_30day_dummy,2026-06-19
624,39.6,25.7,52.3,1044,117,57,rolling_30day_dummy,2026-06-19
625,23.5,16.2,30.4,521,74,13,rolling_30day_dummy,2026-06-19
626,35.8,19.7,39.7,674,76,37,rolling_30day_dummy,2026-06-19
627,44.3,29.7,52.0,756,106,20,rolling_30day_dummy,2026-06-19
628,21.1,14.1,27.0,593,86,13,rolling_30day_dummy,2026-06-19
629,24.1,15.5,26.4,725,86,35,rolling_30day_dummy,2026-06-19
630,22.3,15.2,28.9,662,76,35,rolling_30day_dummy,2026-06-19
631,36.4,22.2,39.6,775,89,40,rolling_30day_dummy,2026-06-19
632,14.0,24.8,47.6,609,86,16,rolling_30day_dummy,2026-06-19
633,44.1,30.6,52.2,498,73,10,rolling_30day_dummy,2026-06-19
634,20.8,11.7,23.5,1134,175,14,rolling_30day_dummy,2026-06-19
635,17.5,11.4,21.0,1015,126,43,rolling_30day_dummy,2026-06-19
636,29.2,17.4,34.3,1035,117,55,rolling_30day_dummy,2026-06-19
637,22.2,15.3,29.9,663,93,18,rolling_30day_dummy,2026-06-19
638,29.6,22.5,36.8,1157,174,19,rolling_30day_dummy,2026-06-19
639,7.8,19.7,31.5,1080,156,24,rolling_30day_dummy,2026-06-19
640,32.0,17.3,37.2,774,103,26,rolling_30day_dummy,2026-06-19
641,5.8,11.6,20.4,688,84,31,rolling_30day_dummy,2026-06-19
642,14.6,11.3,20.8,1051,152,23,rolling_30day_dummy,2026-06-19
643,25.6,16.0,31.8,495,75,8,rolling_30day_dummy,2026-06-19
644,16.4,9.9,20.9,892,106,42,rolling_30day_dummy,2026-06-19
645,25.3,19.9,34.6,1105,159,25,rolling_30day_dummy,2026-06-19
646,22.1,14.5,28.1,1137,167,22,rolling_30day_dummy,2026-06-19
647,19.3,14.8,25.4,1146,181,10,rolling_30day_dummy,2026-06-19
648,41.7,25.8,48.2,789,100,31,rolling_30day_dummy,2026-06-19
649,35.5,26.4,45.9,491,63,19,rolling_30day_dummy,2026-06-19
650,27.8,19.8,38.4,732,81,41,rolling_30day_dummy,2026-06-19
651,33.5,19.9,39.9,675,79,34,rolling_30day_dummy,2026-06-19
652,28.4,18.8,35.2,896,130,19,rolling_30day_dummy,2026-06-19
653,33.1,21.0,37.1,1002,122,45,rolling_30day_dummy,2026-06-19
654,28.1,15.8,34.3,1186,183,15,rolling_30day_dummy,2026-06-19
655,25.1,17.6,30.6,710,88,30,rolling_30day_dummy,2026-06-19
656,18.7,14.9,25.9,741,110,14,rolling_30day_dummy,2026-06-19
657,28.5,20.4,32.3,542,68,22,rolling_30day_dummy,2026-06-19
658,27.7,18.4,31.8,1080,158,22,rolling_30day_dummy,2026-06-19
659,29.6,19.8,37.4,839,109,31,rolling_30day_dummy,2026-06-19
660,23.5,15.5,32.3,648,77,31,rolling_30day_dummy,2026-06-19
661,19.4,15.1,26.3,842,100,40,rolling_30day_dummy,2026-06-19
662,41.6,28.1,47.6,829,102,36,rolling_30day_dummy,2026-06-19
663,7.7,16.4,28.2,1068,122,56,rolling_30day_dummy,2026-06-19
664,21.8,16.5,28.5,645,98,10,rolling_30day_dummy,2026-06-19
665,19.2,13.0,22.1,845,130,10,rolling_30day_dummy,2026-06-19
666,25.6,16.4,31.4,800,119,15,rolling_30day_dummy,2026-06-19
667,19.8,11.5,23.1,552,60,32,rolling_30day_dummy,2026-06-19
668,28.9,20.1,34.6,579,88,8,rolling_30day_dummy,2026-06-19
669,38.3,24.5,49.1,653,97,12,rolling_30day_dummy,2026-06-19
670,25.1,14.9,28.1,793,119,13,rolling_30day_dummy,2026-06-19
671,21.8,13.6,24.6,880,123,24,rolling_30day_dummy,2026-06-19
672,17.1,10.1,21.5,1017,121,49,rolling_30day_dummy,2026-06-19
673,19.7,13.1,26.0,1135,140,49,rolling_30day_dummy,2026-06-19
674,13.4,21.4,34.2,546,70,21,rolling_30day_dummy,2026-06-19
675,23.8,15.8,26.9,1181,139,58,rolling_30day_dummy,2026-06-19
676,27.9,19.1,33.5,777,85,44,rolling_30day_dummy,2026-06-19
677,28.4,16.4,33.1,1042,163,11,rolling_30day_dummy,2026-06-19
678,21.5,13.3,25.0,719,92,28,rolling_30day_dummy,2026-06-19
679,19.6,11.0,21.4,1006,140,28,rolling_30day_dummy,2026-06-19
680,32.3,18.9,35.0,974,111,52,rolling_30day_dummy,2026-06-19
681,29.5,17.2,32.7,494,75,8,rolling_30day_dummy,2026-06-19
682,37.7,27.1,49.7,1108,162,23,rolling_30day_dummy,2026-06-19
683,13.4,20.3,41.1,1151,127,65,rolling_30day_dummy,2026-06-19
684,23.3,15.1,26.4,1878,222,91,rolling_30day_dummy,2026-06-19
685,14.9,30.2,53.9,1432,208,30,rolling_30day_dummy,2026-06-19
686,39.1,26.6,44.7,2039,227,113,rolling_30day_dummy,2026-06-19
687,35.8,20.7,39.3,1375,151,79,rolling_30day_dummy,2026-06-19
688,55.9,30.5,60.9,2067,236,108,rolling_30day_dummy,2026-06-19
689,31.0,21.3,38.6,2327,269,119,rolling_30day_dummy,2026-06-19
690,29.2,22.7,39.7,2042,300,40,rolling_30day_dummy,2026-06-19
691,30.9,19.4,36.1,2437,359,47,rolling_30day_dummy,2026-06-19
692,46.6,30.4,52.1,1698,232,51,rolling_30day_dummy,2026-06-19
693,39.6,27.1,49.1,2163,267,93,rolling_30day_dummy,2026-06-19
694,48.2,29.9,61.5,1805,266,35,rolling_30day_dummy,2026-06-19
695,25.3,14.4,28.2,2563,359,68,rolling_30day_dummy,2026-06-19
696,33.0,19.3,40.7,1234,137,68,rolling_30day_dummy,2026-06-19
697,45.2,27.5,50.7,2489,293,122,rolling_30day_dummy,2026-06-19
698,49.9,33.6,59.6,1102,158,26,rolling_30day_dummy,2026-06-19
699,24.1,15.0,29.4,2466,337,74,rolling_30day_dummy,2026-06-19
700,43.7,31.9,50.6,1218,156,47,rolling_30day_dummy,2026-06-19
701,24.9,13.6,29.8,2209,298,70,rolling_30day_dummy,2026-06-19
702,21.3,16.3,27.8,1245,150,58,rolling_30day_dummy,2026-06-19
703,40.8,25.6,51.6,2344,323,68,rolling_30day_dummy,2026-06-19
704,27.1,21.8,37.4,1441,166,74,rolling_30day_dummy,2026-06-19
705,33.4,19.2,39.5,1194,188,11,rolling_30day_dummy,2026-06-19
706,31.5,23.3,37.3,2489,372,43,rolling_30day_dummy,2026-06-19
707,35.9,21.3,41.6,2014,268,67,rolling_30day_dummy,2026-06-19
708,24.7,16.0,30.3,2453,386,23,rolling_30day_dummy,2026-06-19
709,33.9,18.2,38.7,2363,336,58,rolling_30day_dummy,2026-06-19
710,35.7,22.8,44.9,1233,169,36,rolling_30day_dummy,2026-06-19
711,12.6,18.9,35.5,1236,174,32,rolling_30day_dummy,2026-06-19
712,37.9,25.4,44.5,2238,321,52,rolling_30day_dummy,2026-06-19
713,25.2,19.3,30.9,2450,387,22,rolling_30day_dummy,2026-06-19
714,28.0,16.5,34.1,1372,202,26,rolling_30day_dummy,2026-06-19
715,37.6,27.6,51.7,2517,303,117,rolling_30day_dummy,2026-06-19
716,36.0,20.5,44.0,1123,125,62,rolling_30day_dummy,2026-06-19
717,40.9,23.5,45.2,2325,359,29,rolling_30day_dummy,2026-06-19
718,25.7,17.5,29.9,2097,305,45,rolling_30day_dummy,2026-06-19
719,43.0,28.9,53.0,1704,234,50,rolling_30day_dummy,2026-06-19
720,43.1,31.1,53.6,1699,226,58,rolling_30day_dummy,2026-06-19
721,26.0,17.7,29.0,1578,246,17,rolling_30day_dummy,2026-06-19
722,21.9,14.1,29.8,1850,204,104,rolling_30day_dummy,2026-06-19
723,34.8,22.1,37.7,1891,220,96,rolling_30day_dummy,2026-06-19
724,37.0,25.0,45.3,1347,167,57,rolling_30day_dummy,2026-06-19
725,42.8,30.6,55.8,1102,174,9,rolling_30day_dummy,2026-06-19
726,55.7,33.9,62.4,1934,277,46,rolling_30day_dummy,2026-06-19
727,28.3,18.4,33.9,1389,192,39,rolling_30day_dummy,2026-06-19
728,32.0,21.4,40.9,1239,155,51,rolling_30day_dummy,2026-06-19
729,27.4,17.6,33.8,1489,173,75,rolling_30day_dummy,2026-06-19
730,27.9,19.3,33.1,1314,143,76,rolling_30day_dummy,2026-06-19
731,27.5,19.7,32.1,2482,286,127,rolling_30day_dummy,2026-06-19
732,9.2,18.4,36.9,1551,182,77,rolling_30day_dummy,2026-06-19
733,37.0,23.5,42.0,2129,285,70,rolling_30day_dummy,2026-06-19
734,25.2,16.9,31.7,1096,139,44,rolling_30day_dummy,2026-06-19
735,31.6,21.9,35.0,2151,338,20,rolling_30day_dummy,2026-06-19
736,35.3,21.4,42.7,2626,405,32,rolling_30day_dummy,2026-06-19
737,44.0,25.9,49.3,2303,313,70,rolling_30day_dummy,2026-06-19
738,32.6,21.7,36.8,2317,270,116,rolling_30day_dummy,2026-06-19
739,40.9,29.2,55.3,1757,218,75,rolling_30day_dummy,2026-06-19
740,41.9,32.5,56.5,1853,203,106,rolling_30day_dummy,2026-06-19
741,34.3,22.8,41.4,2540,359,64,rolling_30day_dummy,2026-06-19
742,29.6,17.5,35.0,1463,187,57,rolling_30day_dummy,2026-06-19
743,28.0,17.9,34.8,1899,294,23,rolling_30day_dummy,2026-06-19
744,41.6,23.9,46.2,2261,281,96,rolling_30day_dummy,2026-06-19
745,47.1,28.0,50.7,1627,246,26,rolling_30day_dummy,2026-06-19
746,27.7,19.4,35.8,1845,236,71,rolling_30day_dummy,2026-06-19
747,51.6,31.8,59.7,1137,160,29,rolling_30day_dummy,2026-06-19
748,28.9,21.4,37.7,2185,276,89,rolling_30day_dummy,2026-06-19
749,35.9,26.5,43.5,1351,201,24,rolling_30day_dummy,2026-06-19
750,40.4,25.7,46.3,666,80,31,rolling_30day_dummy,2026-06-19
751,24.0,18.5,33.3,642,75,32,rolling_30day_dummy,2026-06-19
752,21.4,16.4,27.6,997,111,56,rolling_30day_dummy,2026-06-19
753,34.8,25.2,43.7,768,98,30,rolling_30day_dummy,2026-06-19
754,31.1,17.9,37.3,1196,173,26,rolling_30day_dummy,2026-06-19
755,48.1,31.6,52.6,1056,139,37,rolling_30day_dummy,2026-06-19
756,32.7,18.0,34.1,1145,172,19,rolling_30day_dummy,2026-06-19
757,29.6,16.9,34.6,975,134,28,rolling_30day_dummy,2026-06-19
758,29.4,19.5,33.8,646,87,20,rolling_30day_dummy,2026-06-19
759,11.5,16.2,34.3,713,95,24,rolling_30day_dummy,2026-06-19
760,24.7,18.9,31.1,742,82,42,rolling_30day_dummy,2026-06-19
761,39.2,26.4,43.7,626,86,18,rolling_30day_dummy,2026-06-19
762,25.0,13.8,28.8,816,96,40,rolling_30day_dummy,2026-06-19
763,31.9,20.8,39.1,1050,118,57,rolling_30day_dummy,2026-06-19
764,25.8,17.7,28.9,856,97,46,rolling_30day_dummy,2026-06-19
765,45.4,27.7,50.4,600,70,30,rolling_30day_dummy,2026-06-19
766,23.7,15.6,28.1,1008,140,28,rolling_30day_dummy,2026-06-19
767,17.3,12.2,21.7,1175,144,52,rolling_30day_dummy,2026-06-19
768,29.1,21.6,37.4,822,101,36,rolling_30day_dummy,2026-06-19
769,24.6,17.5,31.7,582,75,22,rolling_30day_dummy,2026-06-19
770,28.0,18.6,31.3,1006,157,11,rolling_30day_dummy,2026-06-19
771,39.7,29.8,51.3,868,105,39,rolling_30day_dummy,2026-06-19
772,24.5,15.5,31.9,1062,131,46,rolling_30day_dummy,2026-06-19
773,18.3,12.2,24.9,916,111,42,rolling_30day_dummy,2026-06-19
774,39.7,25.5,54.0,1108,137,47,rolling_30day_dummy,2026-06-19
775,28.3,16.5,32.3,490,60,21,rolling_30day_dummy,2026-06-19
776,26.2,15.5,29.1,948,142,16,rolling_30day_dummy,2026-06-19
777,25.4,16.7,28.1,913,144,9,rolling_30day_dummy,2026-06-19
778,30.8,18.3,36.1,1041,133,40,rolling_30day_dummy,2026-06-19
779,30.8,22.3,41.0,637,97,10,rolling_30day_dummy,2026-06-19
780,40.5,27.1,49.9,902,102,48,rolling_30day_dummy,2026-06-19
781,24.8,16.6,27.6,672,89,23,rolling_30day_dummy,2026-06-19
782,34.1,21.7,44.7,1023,153,18,rolling_30day_dummy,2026-06-19
783,35.4,22.5,40.9,537,61,29,rolling_30day_dummy,2026-06-19
784,24.3,14.5,27.6,593,94,5,rolling_30day_dummy,2026-06-19
785,26.3,15.7,31.2,1161,149,45,rolling_30day_dummy,2026-06-19
786,21.0,13.7,26.9,1011,135,34,rolling_30day_dummy,2026-06-19
787,50.4,32.5,59.7,662,103,7,rolling_30day_dummy,2026-06-19
788,21.5,13.1,27.4,705,109,9,rolling_30day_dummy,2026-06-19
789,29.9,17.3,34.0,792,94,38,rolling_30day_dummy,2026-06-19
790,25.9,20.3,34.3,648,85,23,rolling_30day_dummy,2026-06-19
791,34.6,20.0,39.6,581,84,13,rolling_30day_dummy,2026-06-19
792,28.4,16.5,32.8,1178,155,42,rolling_30day_dummy,2026-06-19
793,5.3,13.4,24.3,632,98,7,rolling_30day_dummy,2026-06-19
794,26.1,16.2,29.3,1019,121,49,rolling_30day_dummy,2026-06-19
795,37.6,27.2,46.6,997,157,10,rolling_30day_dummy,2026-06-19
796,20.8,14.7,28.9,1010,141,28,rolling_30day_dummy,2026-06-19
797,27.8,16.3,31.1,698,97,19,rolling_30day_dummy,2026-06-19
798,20.8,13.0,23.1,640,91,15,rolling_30day_dummy,2026-06-19
799,25.4,15.1,29.9,924,112,42,rolling_30day_dummy,2026-06-19
800,21.1,14.0,23.6,1197,156,43,rolling_30day_dummy,2026-06-19
801,21.6,14.5,29.5,760,91,36,rolling_30day_dummy,2026-06-19
802,27.2,15.5,28.9,637,95,11,rolling_30day_dummy,2026-06-19
803,27.4,18.3,35.7,846,106,35,rolling_30day_dummy,2026-06-19
804,27.1,17.6,34.9,617,71,32,rolling_30day_dummy,2026-06-19
805,20.1,11.6,22.0,730,112,10,rolling_30day_dummy,2026-06-19
806,24.5,17.7,31.3,1009,127,42,rolling_30day_dummy,2026-06-19
807,36.2,21.8,40.4,655,102,7,rolling_30day_dummy,2026-06-19
808,28.6,19.7,33.6,803,105,29,rolling_30day_dummy,2026-06-19
809,11.6,18.8,39.0,943,133,24,rolling_30day_dummy,2026-06-19
810,30.5,20.7,33.0,595,88,11,rolling_30day_dummy,2026-06-19
811,43.8,26.5,48.5,584,78,19,rolling_30day_dummy,2026-06-19
812,16.6,11.7,22.0,1175,183,13,rolling_30day_dummy,2026-06-19
813,29.4,23.4,39.3,1105,164,20,rolling_30day_dummy,2026-06-19
814,18.4,14.1,24.6,1117,171,15,rolling_30day_dummy,2026-06-19
815,20.3,15.4,26.2,892,120,28,rolling_30day_dummy,2026-06-19
816,34.9,24.1,41.8,843,97,44,rolling_30day_dummy,2026-06-19
817,32.7,18.6,35.7,558,65,28,rolling_30day_dummy,2026-06-19
818,31.0,19.8,34.1,653,76,33,rolling_30day_dummy,2026-06-19
819,19.6,14.8,25.7,561,76,18,rolling_30day_dummy,2026-06-19
820,22.4,13.2,28.6,863,135,9,rolling_30day_dummy,2026-06-19
821,31.4,17.6,37.6,794,108,24,rolling_30day_dummy,2026-06-19
822,20.3,15.2,26.2,604,78,22,rolling_30day_dummy,2026-06-19
823,24.1,16.7,29.1,551,63,29,rolling_30day_dummy,2026-06-19
824,38.3,25.2,42.4,894,114,35,rolling_30day_dummy,2026-06-19
825,9.4,19.7,37.1,582,68,29,rolling_30day_dummy,2026-06-19
826,39.4,31.0,48.9,489,64,17,rolling_30day_dummy,2026-06-19
827,5.9,10.6,19.9,642,84,23,rolling_30day_dummy,2026-06-19
828,35.4,21.5,43.9,1058,164,12,rolling_30day_dummy,2026-06-19
829,35.8,25.3,49.0,954,122,37,rolling_30day_dummy,2026-06-19
830,21.3,14.1,26.3,852,130,12,rolling_30day_dummy,2026-06-19
831,25.1,13.6,28.5,642,71,36,rolling_30day_dummy,2026-06-19
832,21.0,16.0,26.4,817,103,34,rolling_30day_dummy,2026-06-19
833,22.1,17.0,28.0,487,70,11,rolling_30day_dummy,2026-06-19
834,19.9,11.1,23.0,714,93,26,rolling_30day_dummy,2026-06-19
835,16.7,11.3,19.8,825,93,45,rolling_30day_dummy,2026-06-19
836,27.2,17.9,31.7,546,69,22,rolling_30day_dummy,2026-06-19
837,16.4,11.0,21.3,898,122,28,rolling_30day_dummy,2026-06-19
838,24.0,17.4,30.3,799,125,8,rolling_30day_dummy,2026-06-19
839,40.1,22.8,43.8,519,62,24,rolling_30day_dummy,2026-06-19
840,43.1,29.3,52.1,586,66,32,rolling_30day_dummy,2026-06-19
841,16.8,26.5,48.6,832,122,17,rolling_30day_dummy,2026-06-19
842,37.7,25.8,45.2,1126,157,31,rolling_30day_dummy,2026-06-19
843,35.3,19.9,38.6,521,66,21,rolling_30day_dummy,2026-06-19
844,38.7,23.5,49.3,885,113,34,rolling_30day_dummy,2026-06-19
845,18.1,12.5,22.0,685,85,29,rolling_30day_dummy,2026-06-19
846,37.0,21.0,43.9,760,108,19,rolling_30day_dummy,2026-06-19
847,42.3,27.1,51.5,1144,173,17,rolling_30day_dummy,2026-06-19
848,23.2,14.7,25.4,933,115,40,rolling_30day_dummy,2026-06-19
849,28.6,16.6,31.3,685,105,9,rolling_30day_dummy,2026-06-19
850,21.7,15.5,24.9,805,104,30,rolling_30day_dummy,2026-06-19
851,44.2,25.6,50.2,1187,158,40,rolling_30day_dummy,2026-06-19
852,18.5,10.8,20.8,1104,134,50,rolling_30day_dummy,2026-06-19
853,36.3,19.7,41.6,787,89,42,rolling_30day_dummy,2026-06-19
854,26.7,20.8,35.7,861,102,42,rolling_30day_dummy,2026-06-19
855,20.5,13.1,25.4,810,98,37,rolling_30day_dummy,2026-06-19
856,26.9,20.9,35.6,588,77,21,rolling_30day_dummy,2026-06-19
857,20.7,15.0,26.3,1177,157,40,rolling_30day_dummy,2026-06-19
858,24.6,17.3,29.5,645,97,10,rolling_30day_dummy,2026-06-19
859,43.6,23.5,49.6,638,81,26,rolling_30day_dummy,2026-06-19
860,39.5,27.5,44.6,559,82,11,rolling_30day_dummy,2026-06-19
861,30.3,20.2,32.0,1158,140,53,rolling_30day_dummy,2026-06-19
862,24.6,16.0,29.1,1139,151,39,rolling_30day_dummy,2026-06-19
863,19.0,11.1,22.8,939,105,51,rolling_30day_dummy,2026-06-19
864,22.3,16.8,27.5,861,132,12,rolling_30day_dummy,2026-06-19
865,19.8,14.9,27.0,898,113,37,rolling_30day_dummy,2026-06-19
866,46.7,26.1,52.3,747,105,20,rolling_30day_dummy,2026-06-19
867,27.5,18.4,29.5,1121,153,34,rolling_30day_dummy,2026-06-19
868,18.4,10.1,20.0,881,117,30,rolling_30day_dummy,2026-06-19
869,16.9,10.5,22.0,1096,132,51,rolling_30day_dummy,2026-06-19
870,42.3,23.4,49.7,980,147,17,rolling_30day_dummy,2026-06-19
871,22.6,15.1,27.9,969,128,34,rolling_30day_dummy,2026-06-19
872,22.9,13.8,25.4,963,111,50,rolling_30day_dummy,2026-06-19
873,21.4,12.5,26.6,1039,118,55,rolling_30day_dummy,2026-06-19
874,48.8,35.8,62.4,1066,142,35,rolling_30day_dummy,2026-06-19
875,17.7,13.3,23.4,972,133,29,rolling_30day_dummy,2026-06-19
876,22.5,14.0,28.5,711,87,32,rolling_30day_dummy,2026-06-19
877,19.4,13.7,23.8,670,80,31,rolling_30day_dummy,2026-06-19
878,28.6,17.9,34.0,621,93,10,rolling_30day_dummy,2026-06-19
879,15.7,11.5,20.9,1096,156,26,rolling_30day_dummy,2026-06-19
880,38.0,24.0,44.1,830,96,42,rolling_30day_dummy,2026-06-19
881,32.8,18.7,36.2,480,71,9,rolling_30day_dummy,2026-06-19
882,32.6,18.5,39.8,911,101,51,rolling_30day_dummy,2026-06-19
883,30.0,21.4,39.0,1102,166,18,rolling_30day_dummy,2026-06-19
884,31.9,18.8,34.6,1141,171,19,rolling_30day_dummy,2026-06-19
885,29.0,18.5,32.4,1156,132,60,rolling_30day_dummy,2026-06-19
886,49.5,27.8,53.7,1105,174,10,rolling_30day_dummy,2026-06-19
887,28.5,22.7,37.3,607,93,8,rolling_30day_dummy,2026-06-19
888,11.7,19.0,40.1,851,100,42,rolling_30day_dummy,2026-06-19
889,29.5,18.7,36.9,990,140,25,rolling_30day_dummy,2026-06-19
890,31.5,20.2,35.8,943,124,33,rolling_30day_dummy,2026-06-19
891,21.4,13.2,28.1,738,85,38,rolling_30day_dummy,2026-06-19
892,24.7,16.2,32.3,507,60,24,rolling_30day_dummy,2026-06-19
893,17.8,10.7,19.5,1123,133,54,rolling_30day_dummy,2026-06-19
894,41.3,26.9,45.4,1040,148,26,rolling_30day_dummy,2026-06-19
895,21.2,14.7,25.0,1104,151,33,rolling_30day_dummy,2026-06-19
896,23.7,14.9,27.9,758,119,7,rolling_30day_dummy,2026-06-19
897,29.9,20.1,35.6,659,81,28,rolling_30day_dummy,2026-06-19
898,29.6,16.7,35.1,1088,144,37,rolling_30day_dummy,2026-06-19
899,18.9,13.8,23.9,297,38,12,rolling_30day_dummy,2026-06-19
900,21.0,14.6,25.0,300,38,12,rolling_30day_dummy,2026-06-19
901,21.3,16.2,25.9,158,22,5,rolling_30day_dummy,2026-06-19
902,14.1,8.4,16.2,174,26,3,rolling_30day_dummy,2026-06-19
903,6.0,13.6,25.9,323,46,8,rolling_30day_dummy,2026-06-19
904,19.4,13.8,23.3,349,40,18,rolling_30day_dummy,2026-06-19
905,23.0,14.0,29.1,230,28,10,rolling_30day_dummy,2026-06-19
906,25.2,16.5,26.7,346,48,9,rolling_30day_dummy,2026-06-19
907,14.9,10.2,19.0,190,28,4,rolling_30day_dummy,2026-06-19
908,16.8,12.8,21.3,280,42,4,rolling_30day_dummy,2026-06-19
909,14.9,9.8,19.6,229,29,9,rolling_30day_dummy,2026-06-19
910,4.9,10.9,18.0,270,35,10,rolling_30day_dummy,2026-06-19
911,23.8,14.5,26.0,194,21,11,rolling_30day_dummy,2026-06-19
912,18.3,11.7,24.8,236,32,8,rolling_30day_dummy,2026-06-19
913,21.3,12.6,24.9,254,31,11,rolling_30day_dummy,2026-06-19
914,33.8,24.2,40.9,280,38,9,rolling_30day_dummy,2026-06-19
915,19.5,12.7,24.6,196,27,6,rolling_30day_dummy,2026-06-19
916,14.4,8.6,17.5,286,33,14,rolling_30day_dummy,2026-06-19
917,28.8,17.2,33.1,198,22,11,rolling_30day_dummy,2026-06-19
918,17.9,11.6,20.2,370,53,8,rolling_30day_dummy,2026-06-19
919,20.6,13.1,26.5,204,29,5,rolling_30day_dummy,2026-06-19
920,23.9,14.1,29.9,175,28,2,rolling_30day_dummy,2026-06-19
921,14.9,10.9,20.3,211,28,7,rolling_30day_dummy,2026-06-19
922,22.9,17.7,29.1,278,31,15,rolling_30day_dummy,2026-06-19
923,31.2,22.1,38.8,250,28,14,rolling_30day_dummy,2026-06-19
924,34.6,24.8,40.1,298,47,3,rolling_30day_dummy,2026-06-19
925,30.4,19.0,37.2,175,25,4,rolling_30day_dummy,2026-06-19
926,16.1,11.3,22.1,243,28,12,rolling_30day_dummy,2026-06-19
927,13.8,8.8,16.1,275,36,10,rolling_30day_dummy,2026-06-19
928,20.7,14.1,27.8,369,44,18,rolling_30day_dummy,2026-06-19
929,16.4,10.9,22.4,349,51,7,rolling_30day_dummy,2026-06-19
930,13.4,8.8,15.3,279,40,6,rolling_30day_dummy,2026-06-19
931,14.8,8.9,17.4,218,34,3,rolling_30day_dummy,2026-06-19
932,5.7,12.4,24.0,176,25,4,rolling_30day_dummy,2026-06-19
933,18.2,11.2,19.8,292,38,11,rolling_30day_dummy,2026-06-19
934,22.8,15.2,25.9,277,43,4,rolling_30day_dummy,2026-06-19
935,19.6,11.5,23.1,257,33,10,rolling_30day_dummy,2026-06-19
936,23.9,17.8,30.7,312,45,7,rolling_30day_dummy,2026-06-19
937,22.0,13.4,26.9,255,30,12,rolling_30day_dummy,2026-06-19
938,17.1,12.3,21.6,325,40,14,rolling_30day_dummy,2026-06-19
939,29.4,19.0,36.3,215,30,6,rolling_30day_dummy,2026-06-19
940,12.1,7.5,16.1,224,28,10,rolling_30day_dummy,2026-06-19
941,28.1,20.2,36.3,355,54,5,rolling_30day_dummy,2026-06-19
942,32.8,18.9,37.6,280,38,9,rolling_30day_dummy,2026-06-19
943,17.7,11.1,21.3,365,56,4,rolling_30day_dummy,2026-06-19
944,15.9,10.7,21.6,164,23,5,rolling_30day_dummy,2026-06-19
945,14.7,8.6,17.8,358,49,11,rolling_30day_dummy,2026-06-19
946,19.3,13.5,22.3,163,22,5,rolling_30day_dummy,2026-06-19
947,17.8,12.8,22.5,318,38,15,rolling_30day_dummy,2026-06-19
948,30.1,19.5,33.0,280,35,11,rolling_30day_dummy,2026-06-19
949,15.2,9.9,17.8,177,27,2,rolling_30day_dummy,2026-06-19
950,15.0,9.2,18.1,218,31,5,rolling_30day_dummy,2026-06-19
951,17.0,10.3,19.5,258,38,5,rolling_30day_dummy,2026-06-19
952,19.3,11.7,20.9,276,36,10,rolling_30day_dummy,2026-06-19
953,25.4,16.6,29.1,260,31,13,rolling_30day_dummy,2026-06-19
954,26.1,15.8,29.7,156,23,3,rolling_30day_dummy,2026-06-19
955,22.3,12.2,25.0,374,48,14,rolling_30day_dummy,2026-06-19
956,23.7,12.7,24.8,229,34,4,rolling_30day_dummy,2026-06-19
957,17.1,11.5,22.4,313,35,17,rolling_30day_dummy,2026-06-19
958,7.8,12.6,23.2,359,45,15,rolling_30day_dummy,2026-06-19
959,20.3,13.7,25.4,369,52,10,rolling_30day_dummy,2026-06-19
960,10.9,7.6,13.2,191,30,2,rolling_30day_dummy,2026-06-19
961,17.0,12.7,21.4,351,42,17,rolling_30day_dummy,2026-06-19
962,12.5,7.6,15.4,265,42,2,rolling_30day_dummy,2026-06-19
963,24.2,14.6,26.8,297,42,7,rolling_30day_dummy,2026-06-19
964,21.7,13.8,26.2,205,24,10,rolling_30day_dummy,2026-06-19
965,14.1,8.1,17.3,182,20,10,rolling_30day_dummy,2026-06-19
966,22.5,14.6,25.9,280,43,3,rolling_30day_dummy,2026-06-19
967,26.8,18.3,31.3,353,50,9,rolling_30day_dummy,2026-06-19
968,17.4,11.4,23.2,244,35,5,rolling_30day_dummy,2026-06-19
969,14.2,9.6,18.0,364,47,14,rolling_30day_dummy,2026-06-19
970,15.2,8.6,18.0,309,35,17,rolling_30day_dummy,2026-06-19
971,19.6,14.1,24.8,154,20,5,rolling_30day_dummy,2026-06-19
972,31.1,18.9,36.2,360,51,9,rolling_30day_dummy,2026-06-19
973,18.3,9.9,21.0,175,21,8,rolling_30day_dummy,2026-06-19
974,22.7,14.9,28.1,200,31,2,rolling_30day_dummy,2026-06-19
975,27.1,15.2,29.7,277,41,5,rolling_30day_dummy,2026-06-19
976,15.7,10.2,19.3,361,39,21,rolling_30day_dummy,2026-06-19
977,15.7,10.8,18.7,180,22,8,rolling_30day_dummy,2026-06-19
978,21.4,12.6,23.8,217,33,3,rolling_30day_dummy,2026-06-19
979,27.9,22.2,36.1,160,23,3,rolling_30day_dummy,2026-06-19
980,21.0,15.1,25.4,170,25,3,rolling_30day_dummy,2026-06-19
981,16.4,11.9,21.4,247,29,12,rolling_30day_dummy,2026-06-19
982,13.8,9.1,16.8,280,43,4,rolling_30day_dummy,2026-06-19
983,23.7,17.3,28.4,265,37,7,rolling_30day_dummy,2026-06-19
984,32.7,18.9,38.0,161,21,6,rolling_30day_dummy,2026-06-19
985,26.4,17.0,28.2,246,35,6,rolling_30day_dummy,2026-06-19
986,24.8,17.4,32.1,250,30,12,rolling_30day_dummy,2026-06-19
987,10.0,19.3,31.5,360,55,5,rolling_30day_dummy,2026-06-19
988,15.9,8.9,19.5,224,25,12,rolling_30day_dummy,2026-06-19
989,21.8,14.5,24.8,293,36,13,rolling_30day_dummy,2026-06-19
990,25.6,14.4,29.2,260,38,6,rolling_30day_dummy,2026-06-19
991,19.2,11.2,21.4,325,42,12,rolling_30day_dummy,2026-06-19
992,13.9,8.7,15.6,286,44,4,rolling_30day_dummy,2026-06-19
993,22.0,13.8,28.4,373,56,6,rolling_30day_dummy,2026-06-19
994,16.0,11.7,21.1,293,42,7,rolling_30day_dummy,2026-06-19
995,22.6,14.5,25.6,227,29,9,rolling_30day_dummy,2026-06-19
996,27.8,18.8,36.7,245,32,9,rolling_30day_dummy,2026-06-19
997,12.1,7.9,13.6,343,43,14,rolling_30day_dummy,2026-06-19
998,15.1,9.6,18.4,233,29,10,rolling_30day_dummy,2026-06-19
999,21.1,12.4,25.4,359,39,21,rolling_30day_dummy,2026-06-19
1000,5.4,13.8,23.9,249,30,11,rolling_30day_dummy,2026-06-19
1001,13.7,10.4,19.3,362,52,9,rolling_30day_dummy,2026-06-19
1002,19.0,15.2,25.1,184,25,6,rolling_30day_dummy,2026-06-19
1003,20.6,13.8,23.2,326,41,14,rolling_30day_dummy,2026-06-19
1004,13.7,8.2,15.6,250,31,11,rolling_30day_dummy,2026-06-19
1005,19.2,14.5,26.7,201,24,10,rolling_30day_dummy,2026-06-19
1006,24.9,16.0,28.4,283,32,15,rolling_30day_dummy,2026-06-19
1007,7.5,10.7,21.6,163,19,8,rolling_30day_dummy,2026-06-19
1008,31.3,23.4,39.2,195,27,5,rolling_30day_dummy,2026-06-19
1009,11.5,7.3,13.6,341,53,4,rolling_30day_dummy,2026-06-19
1010,23.9,15.2,26.9,268,38,6,rolling_30day_dummy,2026-06-19
1011,17.5,11.6,19.6,226,28,9,rolling_30day_dummy,2026-06-19
1012,4.7,11.0,19.8,182,25,5,rolling_30day_dummy,2026-06-19
1013,27.8,19.3,38.4,186,21,10,rolling_30day_dummy,2026-06-19
1014,20.6,16.3,27.4,202,23,11,rolling_30day_dummy,2026-06-19
1015,13.2,8.3,17.7,254,28,14,rolling_30day_dummy,2026-06-19
1016,6.5,15.0,26.7,155,21,5,rolling_30day_dummy,2026-06-19
1017,16.3,10.6,21.5,196,27,6,rolling_30day_dummy,2026-06-19
1018,11.7,8.7,14.5,246,29,12,rolling_30day_dummy,2026-06-19
1019,15.9,12.6,20.4,349,54,4,rolling_30day_dummy,2026-06-19
1020,15.7,11.1,20.5,345,40,18,rolling_30day_dummy,2026-06-19
1021,18.5,13.8,22.3,360,48,12,rolling_30day_dummy,2026-06-19
1022,6.3,9.6,17.6,201,28,5,rolling_30day_dummy,2026-06-19
1023,20.4,14.3,25.3,178,20,10,rolling_30day_dummy,2026-06-19
1024,29.8,19.3,34.6,341,42,15,rolling_30day_dummy,2026-06-19
1025,43.3,29.5,52.2,307,41,10,rolling_30day_dummy,2026-06-19
1026,22.3,14.9,29.4,205,29,5,rolling_30day_dummy,2026-06-19
1027,19.7,15.0,26.8,247,35,6,rolling_30day_dummy,2026-06-19
1028,18.8,11.2,23.5,358,51,9,rolling_30day_dummy,2026-06-19
1029,13.3,9.5,16.9,334,37,18,rolling_30day_dummy,2026-06-19
1030,16.9,10.0,19.8,361,40,20,rolling_30day_dummy,2026-06-19
1031,12.6,8.8,14.9,261,40,4,rolling_30day_dummy,2026-06-19
1032,13.9,20.8,36.5,193,22,10,rolling_30day_dummy,2026-06-19
1033,13.9,10.3,17.5,271,34,11,rolling_30day_dummy,2026-06-19
1034,14.0,9.9,17.7,176,26,3,rolling_30day_dummy,2026-06-19
1035,13.2,8.6,16.9,176,19,10,rolling_30day_dummy,2026-06-19
1036,24.1,15.7,32.7,170,26,3,rolling_30day_dummy,2026-06-19
1037,28.4,17.8,35.6,207,29,5,rolling_30day_dummy,2026-06-19
1038,26.6,16.8,29.3,187,24,7,rolling_30day_dummy,2026-06-19
1039,23.2,13.3,25.5,208,25,10,rolling_30day_dummy,2026-06-19
1040,18.2,13.0,22.5,306,41,10,rolling_30day_dummy,2026-06-19
1041,14.7,8.8,17.5,301,45,5,rolling_30day_dummy,2026-06-19
1042,22.0,15.2,26.7,156,18,8,rolling_30day_dummy,2026-06-19
1043,24.6,17.4,29.2,343,41,16,rolling_30day_dummy,2026-06-19
1044,28.3,18.1,30.7,334,45,11,rolling_30day_dummy,2026-06-19
1045,12.5,8.9,16.7,362,54,6,rolling_30day_dummy,2026-06-19
1046,13.9,9.2,15.5,199,26,7,rolling_30day_dummy,2026-06-19
1047,11.4,7.8,16.0,314,40,12,rolling_30day_dummy,2026-06-19
1048,13.0,9.1,15.0,275,43,3,rolling_30day_dummy,2026-06-19
1049,14.1,9.9,17.3,309,42,10,rolling_30day_dummy,2026-06-19
1050,23.9,15.3,28.5,353,52,7,rolling_30day_dummy,2026-06-19
1051,18.2,13.3,24.2,168,24,4,rolling_30day_dummy,2026-06-19
1052,33.2,21.2,39.5,339,46,10,rolling_30day_dummy,2026-06-19
1053,45.2,27.3,48.5,343,45,13,rolling_30day_dummy,2026-06-19
1054,20.0,14.4,26.2,295,42,8,rolling_30day_dummy,2026-06-19
1055,32.1,21.1,39.2,240,36,4,rolling_30day_dummy,2026-06-19
1056,14.7,8.5,17.8,272,31,14,rolling_30day_dummy,2026-06-19
1057,29.8,19.7,33.9,182,22,8,rolling_30day_dummy,2026-06-19
1058,15.4,36.0,59.0,1016,121,49,rolling_30day_dummy,2026-06-19
1059,24.6,16.8,33.8,877,131,16,rolling_30day_dummy,2026-06-19
1060,22.9,16.5,29.1,894,111,38,rolling_30day_dummy,2026-06-19
1061,30.3,18.5,31.6,991,130,36,rolling_30day_dummy,2026-06-19
1062,29.3,22.5,39.2,553,74,18,rolling_30day_dummy,2026-06-19
1063,28.4,18.0,31.4,514,80,5,rolling_30day_dummy,2026-06-19
1064,15.7,12.0,20.3,566,61,33,rolling_30day_dummy,2026-06-19
1065,28.5,20.4,37.0,538,63,26,rolling_30day_dummy,2026-06-19
1066,17.7,10.3,21.2,1057,160,16,rolling_30day_dummy,2026-06-19
1067,26.4,16.9,31.3,575,75,20,rolling_30day_dummy,2026-06-19
1068,25.9,18.3,30.9,751,95,30,rolling_30day_dummy,2026-06-19
1069,7.5,15.8,27.4,953,148,11,rolling_30day_dummy,2026-06-19
1070,21.4,16.7,28.1,666,76,35,rolling_30day_dummy,2026-06-19
1071,19.3,11.9,25.2,1136,124,65,rolling_30day_dummy,2026-06-19
1072,9.3,17.6,31.2,1138,175,15,rolling_30day_dummy,2026-06-19
1073,22.3,14.4,28.7,761,114,13,rolling_30day_dummy,2026-06-19
1074,10.2,18.5,30.7,902,122,28,rolling_30day_dummy,2026-06-19
1075,29.4,19.1,32.1,1046,127,47,rolling_30day_dummy,2026-06-19
1076,23.4,15.9,29.4,1187,175,23,rolling_30day_dummy,2026-06-19
1077,16.6,11.4,20.2,979,114,49,rolling_30day_dummy,2026-06-19
1078,32.6,21.5,38.0,804,104,30,rolling_30day_dummy,2026-06-19
1079,38.2,29.9,49.5,511,60,25,rolling_30day_dummy,2026-06-19
1080,23.8,14.9,27.7,942,121,36,rolling_30day_dummy,2026-06-19
1081,27.6,17.6,38.0,955,104,55,rolling_30day_dummy,2026-06-19
1082,39.3,24.4,43.3,979,129,35,rolling_30day_dummy,2026-06-19
1083,28.7,18.6,38.4,731,96,26,rolling_30day_dummy,2026-06-19
1084,22.9,15.3,32.1,1100,173,10,rolling_30day_dummy,2026-06-19
1085,33.2,21.7,40.0,907,115,36,rolling_30day_dummy,2026-06-19
1086,25.9,16.8,29.6,754,102,24,rolling_30day_dummy,2026-06-19
1087,30.0,17.9,36.2,655,76,33,rolling_30day_dummy,2026-06-19
1088,19.1,11.1,21.7,502,61,22,rolling_30day_dummy,2026-06-19
1089,18.2,27.0,50.6,993,119,47,rolling_30day_dummy,2026-06-19
1090,33.8,19.7,38.7,707,111,7,rolling_30day_dummy,2026-06-19
1091,36.3,22.3,44.0,1095,126,57,rolling_30day_dummy,2026-06-19
1092,8.1,17.7,38.5,712,100,19,rolling_30day_dummy,2026-06-19
1093,30.4,16.7,32.9,700,105,12,rolling_30day_dummy,2026-06-19
1094,37.9,21.6,44.5,1044,162,12,rolling_30day_dummy,2026-06-19
1095,34.0,22.4,37.8,754,108,17,rolling_30day_dummy,2026-06-19
1096,14.3,11.1,19.6,1190,140,59,rolling_30day_dummy,2026-06-19
1097,29.5,20.6,36.0,887,137,11,rolling_30day_dummy,2026-06-19
1098,33.3,18.9,39.6,1155,155,38,rolling_30day_dummy,2026-06-19
1099,19.3,13.7,23.8,568,77,18,rolling_30day_dummy,2026-06-19
1100,25.4,18.0,32.2,514,79,7,rolling_30day_dummy,2026-06-19
1101,38.8,28.7,49.3,490,53,28,rolling_30day_dummy,2026-06-19
1102,25.1,18.7,31.7,1111,160,25,rolling_30day_dummy,2026-06-19
1103,21.1,12.1,23.5,823,120,17,rolling_30day_dummy,2026-06-19
1104,32.9,22.2,42.7,1008,143,25,rolling_30day_dummy,2026-06-19
1105,29.1,20.9,37.8,858,101,42,rolling_30day_dummy,2026-06-19
1106,22.0,13.3,26.3,1177,181,15,rolling_30day_dummy,2026-06-19
1107,32.9,19.8,36.2,1063,128,49,rolling_30day_dummy,2026-06-19
1108,26.0,17.9,35.5,825,103,35,rolling_30day_dummy,2026-06-19
1109,20.1,13.3,23.4,610,92,10,rolling_30day_dummy,2026-06-19
1110,27.2,19.9,37.0,757,117,9,rolling_30day_dummy,2026-06-19
1111,18.2,14.2,24.7,761,92,34,rolling_30day_dummy,2026-06-19
1112,33.9,17.9,38.9,739,98,25,rolling_30day_dummy,2026-06-19
